t_s,true_x_m,true_y_m,true_z_m,u_px,v_px,confidence,accepted,prior_x_m,prior_y_m,prior_z_m,bearing_x_m,bearing_y_m,bearing_z_m,paper_x_m,paper_y_m,paper_z_m
0.0,8.0,0.0,1.2,320.60943415950885,174.920031787519,0.65,0,8.574369932792193,-0.13780941027860022,1.3824085395062393,8.574369932792193,-0.13780941027860022,1.3824085395062393,nan,nan,nan
0.1,8.017498177140299,0.031991467349307336,1.2104984250708735,319.8250159754464,178.4686624391064,0.95,1,7.831411022799533,-0.009148291215538285,1.500830089779299,8.06541861660029,0.002853182153683357,1.1956372351561155,7.831411022799533,0.0032627900445311195,1.147326655290431
0.2,8.034985418489475,0.06393175517533817,1.2209874022678056,312.7561267723905,173.57291048418514,0.95,1,6.639843158751566,-0.38983355965082817,0.7022225131628184,6.612896801346307,0.11200604552495658,1.0445126161879794,6.639843158751566,0.11451948117430176,1.0501558473270503
0.30000000000000004,8.05245079509092,0.09576976583113551,1.2314574922193038,315.26051813193504,175.1371134265307,0.95,1,6.418919511197107,-0.1416227882231763,1.4937593571240129,6.815754403619852,0.062124704940924314,1.0867610561934131,6.418919511197107,0.07243417294258823,0.9913086861404926
0.4,8.06988339165278,0.12745456529139682,1.2418992725511218,313.33297873401165,173.65881530925364,0.95,1,7.870464545184978,0.19668109397104505,1.623125396399899,8.141217764272506,0.13243735670616974,1.302692436963544,7.870464545184978,0.12493465356179904,1.2431808142716374
0.5,8.08727231336966,0.158935464636049,1.2523033463657596,313.5047280068438,176.5191432647831,0.95,1,9.016652605957043,0.13473718748190014,1.7260584077150485,9.25566437754021,0.14289081363797257,1.413282129393349,9.016652605957043,0.13944193129402824,1.362821029309474
0.6000000000000001,8.104606692731519,0.19016210114170773,1.2626603506990384,310.2774089107341,176.82041912136415,0.95,1,8.169095353635395,-0.10292727719790401,1.0546202274294811,8.099390536614138,0.18641065816795932,1.2178421016300407,8.169095353635395,0.18910660403004523,1.2288571919054663
0.7000000000000001,8.121875696315517,0.22108451885129102,1.2729609649461349,309.5022534724403,172.45381252671888,0.95,1,7.085500137520006,-0.0897623299554873,1.1476551241200847,7.102357072090966,0.17443073058571903,1.1423004071378053,7.085500137520006,0.17709948682065313,1.139520287216394
0.8,8.139068531556543,0.2516532484928943,1.283195919249497,307.7514499140696,171.86553149928284,0.95,1,8.701578045121565,0.8539226894009886,0.7994323888675331,8.711349216302809,0.2630070942923617,1.4040364664085745,8.701578045121565,0.2537659869340565,1.4116128457663506
0.9,8.156174453492222,0.281819386620072,1.2933560028410909,307.24468742530195,173.29913022644695,0.65,0,8.431153681274164,-0.08237099208506504,1.4594999838032114,8.431153681274164,-0.08237099208506504,1.4594999838032114,nan,nan,nan
1.0,8.173182771478166,0.31153467384692046,1.3034320723314687,303.6212654814837,171.6579343398164,0.95,1,8.081422115996757,-0.3292823651997151,1.6283360193804381,8.384156468794309,0.29526567667422476,1.3790150179093206,8.081422115996757,0.3151511127856597,1.315002573521691
1.1,8.19008285586928,0.34075157205279977,1.313415059938204,304.9708198669768,172.3370039778598,0.95,1,7.766582356903168,0.15388648862205567,0.9390017159868125,7.6164525468048705,0.2736061240866952,1.22981657246545,7.766582356903168,0.2779175363329943,1.2512148360018172
1.2000000000000002,8.206864144662937,0.36942334043318636,1.3232959816462815,300.2374869847022,171.5738475973308,0.95,1,7.748865850981648,0.5191849946764073,1.2570604623185395,7.78230840992014,0.36852728195453377,1.2677470986802528,7.748865850981648,0.3646120529376707,1.26244065635026
1.3,8.2235161500999,0.39750411027498944,1.3330659452931064,300.7628735616838,172.6471528014372,0.95,1,8.453579551697636,0.5241767591500848,1.7952975247279648,8.790589230994565,0.4096089481340407,1.4320258438266695,8.453579551697636,0.3871966159342182,1.3556491710152048
1.4000000000000001,8.240028465218815,0.42494895833670676,1.3427161585708496,299.1655203267908,172.422462580829,0.95,1,8.00007815961375,-0.09195127755929933,1.7162440043710436,8.326571579573175,0.38741928623019717,1.3614491836735438,8.00007815961375,0.3968511090489469,1.287203764732359
1.5,8.256390770360234,0.4517139787160284,1.3522379369389306,301.30474726989996,170.39925169751797,0.95,1,8.024349049892155,0.8418213343181103,1.486419926552795,8.292071574230466,0.3906478219485295,1.3806172156560252,8.024349049892155,0.3571838892435047,1.3297635678876305
1.6,8.272592839616056,0.4777563530899137,1.361622711439519,294.7197978411814,169.24279351800888,0.95,1,8.180796568473715,0.599827916006117,2.044477107483724,8.724165172403985,0.5330774893890179,1.5205004733601486,8.180796568473715,0.49240997874091685,1.3782150285301407
1.7000000000000002,8.288624547220397,0.5030344192147749,1.3708620364090176,295.74227055409955,172.79381914319694,0.95,1,9.742510917558025,0.5273178165112474,1.426928744069994,9.66628285737026,0.5580278707779248,1.5456937623614275,9.742510917558025,0.5626933189567951,1.558945120773293
1.8,8.30447587387786,0.5275077375771786,1.3799475970785895,293.0933293079646,168.52864910759422,0.65,0,9.05784398410433,0.2315263761086071,1.4965222274949788,9.05784398410433,0.2315263761086071,1.4965222274949788,nan,nan,nan
1.9000000000000001,8.32013691302527,0.5511371560884412,1.3888712170568893,290.52966780308344,171.19105190096312,0.95,1,8.30203291945757,0.6610050300985849,1.0971921349745974,8.19913708602801,0.5754317844906238,1.3433892104729444,8.30203291945757,0.5825325429670276,1.3601289339796467
2.0,8.335597877022941,0.5738848727196183,1.3976248656882624,292.57056852642285,170.66515192022163,0.95,1,7.222900631706663,-0.15165932987733377,1.0065404261418998,7.175859105913364,0.46673027903202713,1.1841076809093882,7.222900631706663,0.47171442361394056,1.1923778999874206
2.1,8.350849103271658,0.5957144959766876,1.4062006652797943,288.70794486126056,169.74046305847435,0.95,1,8.029776403814125,0.4930974406496209,2.084231572130125,8.603227713728604,0.6318168302076332,1.4990885191511323,8.029776403814125,0.5982576332854774,1.343258028276118
2.2,8.36588106025146,0.6165911031191755,1.4145908981907018,289.2780829350032,169.4193728779345,0.95,1,9.140076419186569,0.27985921239960604,1.5362888565485369,9.098210502007285,0.6613910828000846,1.5290566305815438,9.140076419186569,0.6685730231380534,1.535981727642359
2.3000000000000003,8.38068435347855,0.636481296029093,1.4227880137776887,289.8454452376216,169.14382963177636,0.95,1,8.095729588033322,0.5369539527150597,1.4876519910730723,8.162540071924733,0.5850927442875439,1.379381899554411,8.095729588033322,0.5812455266756138,1.3657914165351381
2.4000000000000004,8.395249731376525,0.6553532546407987,1.4307846351900155,288.57162352812355,168.55544746832507,0.95,1,8.828669513259301,0.5366127852813933,1.803132671647041,9.009270381449028,0.6697014435523596,1.5424566671806024,8.828669513259301,0.6606446409725988,1.5018103400591694
2.5,8.409568091058324,0.6731767878463173,1.4385735660081669,286.95769516969034,169.4157359027717,0.95,1,7.610211332758641,0.6753954596731112,2.347759370316708,8.556247593109681,0.6825939248867999,1.5790495097701784,7.610211332758641,0.5987117206668766,1.2789551584456087
2.6,8.423630484015227,0.6899233817946708,1.4461477967201435,282.6862900362966,167.25610884864977,0.95,1,8.57978630385292,1.1915484591068313,1.4781798590807664,8.772495146772265,0.7944213103284159,1.518666183563595,8.57978630385292,0.7622468040298157,1.486016764260291
2.7,8.43742812170939,0.7055662455079581,1.4535005110295498,283.9374357154555,166.3696025000615,0.65,0,8.843972088440248,0.6856921274705161,1.3938578576220784,8.843972088440248,0.6856921274705161,1.3938578576220784,nan,nan,nan
2.8000000000000003,8.450952381066383,0.7200803537412042,1.4606250919898007,283.66277280350397,170.39894719013512,0.95,1,7.905314703358589,0.8706858293763478,1.162587075774782,7.901414160645163,0.6856565950170617,1.3077900376091594,7.905314703358589,0.6839457534184326,1.310043395588244
2.9000000000000004,8.464194809864345,0.7334424870174137,1.4675151279589267,281.8743450183154,169.11730247552154,0.95,1,8.930104475283745,1.113292938573482,1.595801120491957,9.108010525154809,0.8368927697171245,1.5397380273682164,8.930104475283745,0.8106335289882513,1.5071187961512598
3.0,8.477147132016334,0.7456312687737812,1.474164418369619,279.6919816443326,166.29279811619597,0.95,1,8.27677301852735,0.9045192215318247,1.3661288489283745,8.269187642677027,0.7948952537752961,1.4502004170017642,8.27677301852735,0.7943340922773646,1.452518523388137
3.1,8.489801252742623,0.7566271995596313,1.480566979309322,282.89430905567474,167.927133871841,0.95,1,9.144684240568228,0.11563507008433804,1.3631044004677957,9.00176479158097,0.7955719023861637,1.5451255023473196,9.144684240568228,0.8079043505094439,1.5692466739399031
3.2,8.502149263629667,0.7664126882313801,1.4867170489053494,283.5622228723842,168.14395179692272,0.95,1,7.1085808670428685,0.24314139765185838,1.9640688293402175,7.696310769100365,0.6331707831135307,1.3839905464024973,7.1085808670428685,0.6167163936355757,1.2161774510421555
3.3000000000000003,8.514183447572606,0.7749720800946123,1.492609092510182,281.07360216557123,165.44570847890654,0.95,1,9.140812934952786,0.5231539984449356,0.9667328828958681,8.813196045338294,0.8237877038540037,1.5784773068061038,9.140812934952786,0.8471879067525347,1.6225876959339331
3.4000000000000004,8.525896283598204,0.782291681948253,1.498237807682277,283.17894691408065,165.81167541194853,0.95,1,6.450726097109048,0.592068254171831,2.345383061968868,7.573900099126437,0.6680331931590571,1.5539138898293996,6.450726097109048,0.5655298287247086,1.1394489560022394
3.5,8.537280451565218,0.7883597839907682,1.503598128957906,278.66448395372237,163.7624206664977,0.95,1,8.841699441589771,0.5925094838734469,1.666376202283013,8.817769068191746,0.864639819951946,1.601358763513692,8.841699441589771,0.8701814503433285,1.6049280062409126
3.6,8.548328836739238,0.7931666785533492,1.5086852324097315,279.1909047211686,166.868979598032,0.65,0,7.455657989643128,0.6891035016091768,1.5435023479652399,7.455657989643128,0.6891035016091768,1.5435023479652399,nan,nan,nan
3.7,8.55903453423917,0.796704675630112,1.5134945399880166,281.1897920438768,167.11234797363542,0.95,1,8.498764077964436,1.0734868182216402,1.634120369170635,8.71757001603196,0.8164052846005883,1.5185099296723035,8.498764077964436,0.7853304791329268,1.4748927589734262
3.8000000000000003,8.569390853352562,0.7989681151804664,1.518021723640559,279.9867477067144,165.9163273520833,0.95,1,9.03721906602816,0.5580378163997006,1.832257116584251,9.13626571363394,0.8624860433661665,1.617401797828934,9.03721906602816,0.8609726821873224,1.5940723307979563
3.9000000000000004,8.57939132171708,0.7999533761839731,1.5222627092076473,282.0898457469745,164.85966384678815,0.95,1,9.719647185053875,0.4604010443059787,1.2115692297075513,9.405556167054169,0.8555297581445529,1.6913567507158578,9.719647185053875,0.8773174382628034,1.738898944703732
4.0,8.589029689365528,0.7996588824332042,1.526213680088529,281.81056180600063,164.04493029464206,0.95,1,9.52407872478969,0.7326884870899331,2.017551167311824,9.695465436086465,0.8767637935594312,1.762966570232265,9.52407872478969,0.8659981328931908,1.7223858652874229
4.1000000000000005,8.598299932631866,0.798085105055339,1.5298710806760942,280.28993655404446,164.50711736200506,0.95,1,8.288524934307338,1.307351056750088,1.5758911165580025,8.603496102457617,0.8392942411191097,1.550034620358486,8.288524934307338,0.7836615500350688,1.4898205716851394
4.2,8.607196257915811,0.7952345617584609,1.5332316195566804,278.8037546305959,166.15779567003207,0.95,1,8.787956434241698,1.3428858693429273,1.4066119524512204,8.957612321785156,0.8943157603446015,1.5698739830682276,8.787956434241698,0.8619781180015582,1.5450525587145996
4.3,8.615713105303652,0.7911118128037612,1.5362922724721253,280.4959648718626,165.13359543549512,0.95,1,7.956927638156181,0.6341143399938372,1.6946091551972238,8.120162416426385,0.7599406287184964,1.4559109972948145,7.956927638156181,0.7484065450708786,1.4183489610683118
4.4,8.623845152043005,0.7857234537100948,1.5390502850413927,282.69505361022254,165.93796885014896,0.95,1,7.527813801516645,1.0088382696379874,1.3504803238751826,7.69205318200063,0.6939438662994126,1.3568385477167293,7.527813801516645,0.6686302149947745,1.327440905376677
4.5,8.631587315869366,0.7790781047025561,1.5415031752393307,283.4220065107784,164.79581310324537,0.65,0,9.43505617838286,-0.05891300201260885,1.2662051539528716,9.43505617838286,-0.05891300201260885,1.2662051539528716,nan,nan,nan
4.6000000000000005,8.638934758182366,0.7711863969219586,1.543648735630326,281.66055318388516,164.79283059806846,0.95,1,7.458407052318495,0.4820060836945752,1.630331801018456,7.6278127158020625,0.6896460786062922,1.3751948777780174,7.458407052318495,0.6808361917030972,1.3355373396482806
4.7,8.645882887069723,0.7620609554172764,1.5454850353548475,279.60590749937114,162.02914918276346,0.95,1,8.520424249254894,0.6733788062854711,1.4897703303718262,8.425200705409285,0.810100870615762,1.564124413877615,8.520424249254894,0.8194638220690558,1.5817731619957571
4.800000000000001,8.65242736017706,0.7517163789482599,1.5470104218670901,280.86531678414445,162.91162226613523,0.95,1,8.79479912861102,0.3987287642681722,1.794407796181758,8.854295609029434,0.8162002843800522,1.6287415510290455,8.79479912861102,0.819480185345892,1.6142304698091217
4.9,8.658564087421711,0.7401692166305346,1.5482235224221532,284.8962430270394,163.08953660734431,0.95,1,9.12243026669155,0.87493249481017,1.7430102273850954,9.204691340251975,0.7719324524351666,1.6870798941993426,9.12243026669155,0.7624561311540957,1.6705008073296064
5.0,8.66428923354891,0.7274379414605454,1.549123245311419,283.9812399502975,167.50496127324482,0.95,1,8.871781834114971,1.439713597416419,1.5186402854430405,9.220967671822377,0.8264358272171208,1.5900654957862597,8.871781834114971,0.7608347168959446,1.5313337324749714
5.1000000000000005,8.66959922052869,0.7135429207627035,1.5497087808450165,284.71978108426146,166.3991629914151,0.95,1,8.454640967694486,0.4498082676376213,1.1884168461427738,8.255062511485466,0.6963144735175336,1.4500763132009964,8.454640967694486,0.7101942480815071,1.4815920281652057
5.2,8.674490729792035,0.6985063836060132,1.5499796020804881,284.3126027131303,164.54247913271502,0.95,1,7.803360478471283,0.3874273239751918,1.5252414685022633,7.838839306498982,0.6617212168960105,1.4101892137253027,7.803360478471283,0.6630514894472915,1.4019577050933183
5.300000000000001,8.678960704304881,0.6823523852423008,1.5499354652970017,285.0789512369817,164.3160757041645,0.95,1,8.912967294253281,0.7002521057355574,1.281998118196602,8.735356593250534,0.7267284032897329,1.5762415369802154,8.912967294253281,0.7410718226328715,1.606115099879817
5.4,8.683006350478662,0.6651067686229465,1.5495764102146834,289.5091733960047,161.59181587372473,0.65,0,9.313135545292637,0.9239012039282781,1.4936995026169775,9.313135545292637,0.9239012039282781,1.4936995026169775,nan,nan,nan
5.5,8.68662513991621,0.6467971230556722,1.5489027599588716,289.596081706925,165.5857241850296,0.95,1,8.22958383865091,0.8387468953461019,1.614693515579008,8.413324064267126,0.6172453064879363,1.4956352385830993,8.22958383865091,0.5957418919436968,1.4580917181233137
5.6000000000000005,8.689814810991923,0.6274527400675359,1.5479151207693265,288.48537478015214,162.29336121292206,0.95,1,7.67612572940139,0.6036596504729942,1.63962765499536,7.837176959218251,0.5888040194326366,1.4566015720419667,7.67612572940139,0.575976727386943,1.4202045936637833
5.7,8.692573370265206,0.6071045665447374,1.5466143814546554,290.81072254842286,164.2130816048584,0.95,1,8.062787019723778,0.6735497540378425,1.0374265116144292,7.902747003596835,0.5484853664715988,1.4295788463539876,8.062787019723778,0.5603498270278384,1.45488995690765
5.800000000000001,8.694899093726312,0.5857851552242009,1.5450017125924438,292.1694788832817,165.41365829579985,0.95,1,9.63022936373483,1.022567649995002,1.4566206455864061,9.638778167203737,0.6455100384382586,1.707190471244483,9.63022936373483,0.6381292896815777,1.7101989952698764
5.9,8.69679052787378,0.5635286126161407,1.543078565475816,295.98868851101827,165.00034962128612,0.95,1,8.951208564361131,-0.2799440754138155,1.1383568843829495,8.826609641165827,0.5040081850580184,1.576084748698941,8.951208564361131,0.5117387072421812,1.5984226495096054
6.0,8.698246490622838,0.5403705444409205,1.5408466708073683,291.86089220674876,165.95785425163865,0.95,1,8.492601246516347,0.1651239869415198,1.7908854397280989,8.673984347576297,0.5671456200833374,1.5387827689345108,8.492601246516347,0.5689862426686271,1.4971676649459016
6.1000000000000005,8.69926607204416,0.5163479986674963,1.538308037141654,295.5107455849304,168.44896319678074,0.95,1,10.097373643567757,0.10453284686724057,1.2451958457118366,9.861891489791146,0.5773929851956514,1.6828847512089133,10.097373643567757,0.5887551240032116,1.720184650444697
6.2,8.69984863493255,0.49149940624456917,1.5354649490776198,297.94225212302985,166.58655833912974,0.95,1,8.8646624927495,1.0553900582194364,1.1076339396886536,8.917634230978665,0.4802312842696884,1.5496777315192996,8.8646624927495,0.46555831018929106,1.5494890065589768
6.300000000000001,8.699993815205161,0.4658645196192652,1.5323199652026207,300.4365785024051,163.6483540178077,0.65,0,8.87431910082002,1.1033191174038532,0.9542042633398772,8.87431910082002,1.1033191174038532,0.9542042633398772,nan,nan,nan
6.4,8.699701522129054,0.43948434914170104,1.5288759157898637,297.5032831979145,164.3365130156467,0.95,1,7.802953077336971,0.29122203688040765,1.34666997129047,7.750418925705422,0.4146030988930614,1.396087495451275,7.802953077336971,0.41795434666859804,1.4057110443014418
6.5,8.698971938377882,0.41240109745717135,1.5251359002513543,299.3090090087716,163.61067593458944,0.95,1,9.267792839805434,0.49698199939446464,0.9038991793766094,8.989694021794032,0.4425238939314145,1.6466869504424242,9.267792839805434,0.45657099561186926,1.685620072883307
6.6000000000000005,8.697805519917743,0.3846580919909183,1.5211032843486334,302.6959157146983,166.1044550194245,0.95,1,9.058592801948311,0.18251948141644067,1.967159810278067,9.314894926465584,0.3754494806405726,1.654197118960124,9.058592801948311,0.37321584131224045,1.5937848853740209
6.7,8.696202995722206,0.35629971563349694,1.5167816971638204,299.85020118998744,164.71292622450892,0.95,1,8.256891720216363,0.13348436654771445,1.7061777609454063,8.400323429562857,0.39514685755325346,1.5121751881961014,8.256891720216363,0.39613025466290047,1.4800886097527874
6.800000000000001,8.694165367316728,0.32737133573761357,1.5121750278336827,304.81228813097687,168.6257089078543,0.95,1,9.228213904952584,0.48420611311528483,0.9222159667489999,9.01574178286795,0.3250636970398148,1.537302127725342,9.228213904952584,0.3337034615574587,1.5682314893158866
6.9,8.691693908152736,0.29791923154004424,1.5072874220496773,309.5974098090439,172.99258785165122,0.95,1,9.068318016102511,-0.06408858654599536,1.5896340611055695,9.163485788554294,0.21961358764839745,1.4653470696154283,9.068318016102511,0.22460475248280623,1.446772673326851
7.0,8.688790162811756,0.26799052012472374,1.5021232783271057,307.87465420803295,165.41107071070311,0.95,1,7.692176058032414,0.424203271764796,1.2198136618195252,7.649293750639888,0.22192281379768883,1.3577630895970598,7.692176058032414,0.22207212999126907,1.3660742287461958
7.1000000000000005,8.685455946040106,0.23763308104546557,1.4966872440467494,304.24475548760273,168.16056472438427,0.95,1,7.787611690857741,0.4874701288143054,1.5812628266336124,7.9984875217663225,0.3073545965419775,1.377151388375988,7.787611690857741,0.29213268180254104,1.33204196670715
7.2,8.681693341614736,0.20689547972888833,1.490984211272539,308.3649988429669,167.03895973629952,0.65,0,8.251909580639708,0.7148080768862608,1.3367558637231292,8.251909580639708,0.7148080768862608,1.3367558637231292,nan,nan,nan
7.300000000000001,8.677504701040933,0.17582688978009323,1.4850193123490285,310.26560718541896,167.8419822384004,0.95,1,8.699980072820587,0.26994659646760355,1.2681362354040138,8.587888699233302,0.19915436770432116,1.475454891718067,8.699980072820587,0.2016405321615785,1.4946983729051204
7.4,8.67289264208271,0.144477014315386,1.4787979152826303,315.1354082711298,168.70072083123165,0.95,1,9.00268804746266,-0.04223130719226753,1.334724502506957,8.901105693143034,0.10257639664173326,1.5105989844319643,9.00268804746266,0.10427238526972751,1.5282980199175578
7.5,8.667860047126785,0.11289600644789377,1.4723256189107723,314.2123694236567,166.58735142741418,0.95,1,9.621709894989124,-0.2513091119314578,0.6278525030854508,9.395084301931314,0.1319394335991559,1.6495021361913111,9.621709894989124,0.13258786282129517,1.6817981123528767
7.6000000000000005,8.66241006138119,0.08113438905328114,1.4656082478633226,312.7168047073519,167.96685255834262,0.95,1,9.790065957889516,0.9733991724657322,1.3237640049560564,9.902803315216202,0.19479197881303345,1.6878538692644585,9.790065957889516,0.16976895785527432,1.679069677638586
7.7,8.65654609090961,0.04924297394393052,1.4586518473208148,317.5032546364839,172.76470358990716,0.95,1,7.3007594624754795,-0.05942641772464979,1.3584738148765805,7.426622170288652,0.04138122034416709,1.193779656255227,7.3007594624754795,0.04340032699543293,1.1687350630436404
7.800000000000001,8.650271800502708,0.017272780580876414,1.451462677574194,319.42189703162444,171.49204897956653,0.95,1,8.517325111787128,-0.37241303409177046,1.654309077440961,8.750330506326451,-0.0034194977699413265,1.4374646697103572,8.517325111787128,0.011723549832723433,1.389296408531954
7.9,8.643591111387753,-0.014725045546443048,1.444047208390978,319.71691223775656,167.46253747334657,0.95,1,9.010746274088014,-0.5377670124832004,1.6887660644841889,9.206668068183504,-0.013498856714460827,1.5943679844158865,9.010746274088014,0.00607340952113093,1.5562301671281935
8.0,8.636508198777976,-0.04669931474206407,1.4364121131929029,320.34078987298216,168.69572805676074,0.95,1,10.0733876861401,0.013486801610906873,1.3183483064689256,9.88484147145953,-0.008022016862011951,1.6787347552884122,10.0733876861401,-0.00817359169061835,1.7101799403862175
8.1,8.629027489263201,-0.07859887499608695,1.4285642630502928,328.08257654152027,168.824826701039,0.65,0,8.529625239177937,0.13674099344290946,0.8228292011227665,8.529625239177937,0.13674099344290946,0.8228292011227665,nan,nan,nan
8.200000000000001,8.621153658043363,-0.11037269381698218,1.420510720498562,327.05404663312515,168.99058817646,0.95,1,8.736227150127474,-0.2470350761289657,2.067249475033178,9.195419088939193,-0.16092908094933106,1.5924010924249128,8.736227150127474,-0.14672798503469825,1.4770341702080787
8.3,8.612891626006672,-0.14196993987268847,1.4122587331824101,328.78618387827225,171.90236084466375,0.95,1,8.4909707123432,0.44179072401914343,1.0259494889587075,8.453459326593393,-0.1713951110807025,1.3676103965030628,8.4909707123432,-0.17762673805636123,1.3767025229706564
8.4,8.604246556654212,-0.17334006430990406,1.4038157273334286,328.14799115360177,171.39386891769124,0.95,1,9.015327973416166,-0.06154997198297399,1.0996491905807548,8.843123132367138,-0.17205889373273758,1.446413379010516,9.015327973416166,-0.17489717279574632,1.4726351730814156
8.5,8.595223852872916,-0.20443288162146533,1.3951893010869958,328.67990385374713,172.71713040834004,0.95,1,8.719401133118774,0.2199487112695948,1.2818622045866856,8.694716863606153,-0.17525970547092545,1.3916505994165276,8.719401133118774,-0.1801989607088685,1.396824593707149
8.6,8.585829153558949,-0.2351986499324541,1.3863872176444674,330.59543702591924,169.72975538941006,0.95,1,7.401455299140115,-0.24134563919956017,1.070539134467088,7.319533719333456,-0.18462213993475146,1.2249236792352307,7.401455299140115,-0.18671822267189364,1.2383382722498169
8.700000000000001,8.576068330093568,-0.26558815057658763,1.3774173982868185,330.45090359293704,172.88823810904535,0.95,1,8.33642967302885,-0.29414386996638,0.7804391226813876,8.151858502447324,-0.20210778518985306,1.308011336826,8.33642967302885,-0.2074362448145813,1.332077341040479
8.8,8.565947482673714,-0.295552766835582,1.3682879152460268,337.6495347329957,173.2309746188482,0.95,1,7.434986645149239,-0.12682937440164818,1.1853363715866387,7.425537821654593,-0.3103986541947781,1.1805115742305081,7.434986645149239,-0.3124382262688583,1.181968600044034
8.9,8.555472936499573,-0.32504456171553375,1.3590069844406072,335.7196104694851,173.85611969538186,0.95,1,6.760151897225176,-0.05034914890268649,1.4543363987865912,7.03600958963499,-0.25335383506693065,1.1267429415601748,6.760151897225176,-0.2530165584260245,1.0646254236454744
9.0,8.544651237821546,-0.354016354635882,1.3495829580818406,340.01316648102454,174.1019624091458,0.65,0,8.044938860996007,-0.8149069285062664,1.6421157217918585,8.044938860996007,-0.8149069285062664,1.6421157217918585,nan,nan,nan
9.1,8.533489149849041,-0.3824217969082743,1.3400243171573467,338.00012467031706,176.25945984733397,0.95,1,8.778034585641342,0.45148900203115133,1.4870903267110749,9.019564318787147,-0.35231634571048315,1.3747031969769248,8.778034585641342,-0.37620408786166465,1.3321825380180075
9.200000000000001,8.521993648523704,-0.4102154458845794,1.3303396637987692,341.0746703141821,177.50672962907012,0.95,1,8.793385847407114,-0.4686402214225772,1.6162112173190462,8.993372278160106,-0.4521271943413283,1.3489808026502728,8.793385847407114,-0.44123263733214163,1.3083986648521932
9.3,8.510171918159665,-0.43735283765543004,1.3205377135404364,341.95101423754187,172.37895436685415,0.95,1,8.947731559033373,0.000750915342388192,1.1380746920173868,8.805298517824832,-0.46081854846338105,1.4183372760963309,8.947731559033373,-0.4676471020143912,1.440607057301274
9.4,8.49803134695359,-0.46379055818299453,1.3106272874759688,340.1857004178652,178.52644632949543,0.95,1,8.193246115892817,-0.6314766680021876,1.587407889888615,8.50861027000911,-0.4207022966644688,1.2643246179359533,8.193246115892817,-0.3937771703458331,1.199209416288072
9.5,8.48557952236729,-0.4894863127541754,1.3006173043198905,347.6748165314005,175.26595143129194,0.95,1,9.534441630575003,-0.6500804853564306,1.1519464995923085,9.399567386347384,-0.6195648913062833,1.4482495349988127,9.534441630575003,-0.6282474353702623,1.4695309704503676
9.600000000000001,8.472824226385805,-0.5143989936431276,1.2905167723813886,344.7325111551349,178.9516518494828,0.95,1,8.692678283094665,-0.6004155186476431,1.6237355509803502,8.943063992094242,-0.5301622921343575,1.3146030225844747,8.692678283094665,-0.5118851490586609,1.26350869092096
9.700000000000001,8.459773430653923,-0.5384887458748499,1.2803347814574424,344.5201084488689,174.64612398080612,0.95,1,6.883529327220591,-0.827835512295763,1.0064890645709363,7.0285801219171695,-0.4228650373684645,1.0915705560474156,6.883529327220591,-0.40186877527242465,1.071107910061094
9.8,8.446435291494153,-0.5617170309846446,1.2700804946526196,349.21809979972574,176.0558860174007,0.95,1,6.822186082823851,-0.898990486513726,0.9497758541065455,6.972927633729798,-0.4979176450285967,1.0587109684004645,6.822186082823851,-0.47459836623868396,1.0386634392633118
9.9,8.432818144809294,-0.5840466886714399,1.2597631401329008,349.0784434681208,176.93008930071247,0.65,0,8.292044886646114,-0.19450862659034768,1.173991912216155,8.292044886646114,-0.19450862659034768,1.173991912216155,nan,nan,nan
10.0,8.418930500872769,-0.6054419962463427,1.2493920028209535,350.879180167471,180.48583045202952,0.95,1,7.6973608966829605,-0.6253760856710778,1.6166027703254258,8.077245529270028,-0.5970983328954133,1.175342207258593,7.6973608966829605,-0.565924271292189,1.0907191463740662
10.100000000000001,8.404781039009976,-0.6258687257813227,1.2389764160403274,351.45680490864936,179.37429621879528,0.95,1,7.721609867729542,-0.9445699351538297,1.4344685517863056,8.066462748919006,-0.6240493130727884,1.1814475225623773,7.721609867729542,-0.5783266075949286,1.1145905537023775
10.200000000000001,8.39037860217399,-0.6452941988665929,1.2285257531160942,348.2013642636019,178.4058369131248,0.95,1,8.23530332116243,-0.4186745571182769,1.2237493759877405,8.219295910448542,-0.5504998007771514,1.2055794751172146,8.23530332116243,-0.5529685447175048,1.207730037698961
10.3,8.375732191419022,-0.6636873388890967,1.2180494189394868,351.59405463861253,176.48344438822403,0.95,1,8.86689674508172,-1.025964678803321,1.2138197911635933,8.951345440441346,-0.6817832931667843,1.3505109873937604,8.86689674508172,-0.6670029053310654,1.340939857649663
10.4,8.360850960275025,-0.6810187207484596,1.2075568415041336,352.45407218511394,178.6711964549914,0.95,1,8.213367950220816,-1.1065805441849053,0.6603395597500926,8.28627174622526,-0.6501815396461057,1.1984654802301402,8.213367950220816,-0.6346600865223041,1.1993238796713392
10.5,8.345744209027062,-0.6972606179308706,1.1970574634214979,356.9214809957241,177.10523709135305,0.95,1,8.825768533719325,-0.8200939517071629,0.8392593648449326,8.671827195471996,-0.7623859938833357,1.3003666436819976,8.825768533719325,-0.7758582028342328,1.321653855749699
10.600000000000001,8.330421378902917,-0.7123870468655912,1.1865607334231676,355.97812073758166,179.2080957492536,0.95,1,8.263096123056584,-0.3175804467933353,0.38830248754299457,8.056919185687352,-0.6951388673981174,1.1763731305869958,8.263096123056584,-0.7078349285275541,1.196022257922785
10.700000000000001,8.31489204617264,-0.7263738084931244,1.176076097857633,356.0350880193233,182.59981821553873,0.95,1,7.267244963240311,-1.049384063156468,1.6874887012097481,7.947881685240574,-0.7249687199461652,1.1564320157413182,7.267244963240311,-0.6235138378770207,0.993193290386201
10.8,8.29916591616368,-0.7391985269785504,1.165612992189212,358.4852168452757,183.68604220455853,0.65,0,8.496976804207188,-0.470637492817121,0.7665566704950313,8.496976804207188,-0.470637492817121,0.7665566704950313,nan,nan,nan
10.9,8.283252817195391,-0.7508406855080864,1.1551808325067672,357.76215402459076,180.03499617696374,0.95,1,7.499577704506023,-0.5941058846551377,1.1755768483341735,7.535143565135631,-0.6762484879584529,1.0773411285495578,7.499577704506023,-0.6742862104689124,1.0707433469568122
11.0,8.267162694436632,-0.7612816591116129,1.1447890070498632,358.22798147181544,182.32581603490527,0.95,1,8.65127986764152,-0.8269665059365712,1.2421393113089827,8.692075475710638,-0.7918174479658084,1.194506600953214,8.65127986764152,-0.787430872589738,1.1879893014758984
11.100000000000001,8.25090560369037,-0.7705047444586534,1.1344468677599837,359.57453746071775,180.08390406483244,0.95,1,8.361588963123946,-0.49828615827892947,1.4168997664405483,8.434128945157154,-0.7884391157948982,1.20784010829228,8.361588963123946,-0.7878714658387445,1.1928423011546967
11.200000000000001,8.234491705109134,-0.7784951865801392,1.124163721864417,359.8881029745028,183.11852007700236,0.95,1,7.1005813090348955,-1.5650391809494386,1.4747746110424444,7.980946253431166,-0.8748368731655135,1.1475503292772828,7.1005813090348955,-0.6743540915086038,0.9616466027892399
11.3,8.217931256845237,-0.7852402024732125,1.113948823500377,365.1668103079184,186.82226801111804,0.95,1,9.049338822128592,-1.1424582593028805,0.463006431209407,8.999546939685041,-0.9695017856948066,1.133065062293412,9.049338822128592,-0.9731661190265807,1.1457697965708071
11.4,8.201234608639782,-0.7907290015513045,1.1038113653869066,358.78817007917775,182.89706458214076,0.95,1,8.270558983344822,-0.4649356223286193,1.7329694482389166,8.639283970950586,-0.7805411816258074,1.208363138703151,8.270558983344822,-0.7638091630853578,1.1244599892750833
11.5,8.184412195354394,-0.7949528029067716,1.0937604705520498,357.8677594296516,182.69001049629088,0.95,1,8.54582049582541,-0.9250536467117648,0.781164752997348,8.478325383733562,-0.7653553638690186,1.1548756198379018,8.54582049582541,-0.7705025587259582,1.1660973402769916
11.600000000000001,8.167474530449788,-0.7979048493584747,1.083805184122743,361.6622576683852,186.67866814450193,0.95,1,8.175490434619245,-0.9026474957183145,0.7285314171176573,8.111627190605704,-0.8051301811514614,1.0285213554881023,8.175490434619245,-0.8109747358393469,1.0379239012994832
11.700000000000001,8.15043219941518,-0.7995804182618272,1.073954465184811,359.7450185425472,183.34974925289563,0.65,0,9.58456115501948,-0.1747714775365814,1.4715715044292108,9.58456115501948,-0.1747714775365814,1.4715715044292108,nan,nan,nan
11.8,8.133295853152719,-0.7999768290640197,1.0642171787203945,357.0158911861051,184.71893764908177,0.95,1,7.488700574686329,-0.5007200655599722,1.2880864220446602,7.63300793759208,-0.667915434957238,1.0133480751834945,7.488700574686329,-0.6600022038045518,0.9856745795156957
11.9,8.116076201321004,-0.7990934475923314,1.054602087630064,359.22757345340005,184.3663653374634,0.95,1,8.425858138263841,-0.3617106041270094,1.276981987631511,8.447890537110759,-0.782384023685298,1.1214805745854644,8.425858138263841,-0.7869665929206511,1.116097889006027
12.0,8.098784005641907,-0.7969316870686725,1.0451178448468017,359.5748665793245,185.61204266440146,0.95,1,8.61679397105494,-0.5740144878883989,1.1643948376475388,8.583164015023637,-0.806489484050035,1.1120084706678706,8.61679397105494,-0.8119249327286363,1.1158329115889973
12.100000000000001,8.081430073174841,-0.79349500584873,1.0357729855489453,357.72327193718274,183.2357519762636,0.95,1,6.8329022823749135,-0.764227628755035,0.8411057999517515,6.856822846641576,-0.6176550747862082,0.9257004797422187,6.8329022823749135,-0.6137129307576799,0.9234870473302004
12.200000000000001,8.064025249562706,-0.7887889018893361,1.0265759194791042,365.34112089508375,183.95782644526906,0.95,1,7.168136579214691,-0.20015308513404784,1.6317242887891004,7.619625227885859,-0.7809194650316305,1.064639969798349,7.168136579214691,-0.773836541025346,0.9564713196103929
12.3,8.046580412253705,-0.7828209039529107,1.0175349233759576,358.6666157567185,190.56248709326,0.95,1,8.998034832460634,-0.6934962080533547,1.4902537157093874,9.210505384925597,-0.8425313204092254,1.1001794369837266,8.998034832460634,-0.8283894176960103,1.0591439599168304
12.4,8.029106463703304,-0.7756005595630469,1.0086581335257496,366.3815524021331,184.89428126712582,0.95,1,8.037543690124581,-0.7046215126488241,0.6259431538640556,7.8522662644286525,-0.8693912169231972,1.0352352295264757,8.037543690124581,-0.8876041758284461,1.054558623550459
12.5,8.011614324560544,-0.7671394197305108,0.9999535384401796,359.4799357830732,188.261655308961,0.95,1,8.289508237709732,-0.7460043447819649,0.5440252975481171,8.160353296608854,-0.7673182527343015,1.0067932428019308,8.289508237709732,-0.7792125069000867,1.0211557964805558
12.600000000000001,7.994114926842996,-0.757451020474087,0.9914289716672825,363.2528487580736,185.93794686992567,0.65,0,7.958276948571378,-0.7853563678239699,1.6205753799929066,7.958276948571378,-0.7853563678239699,1.6205753799929066,nan,nan,nan
12.700000000000001,7.976619207104604,-0.7465508611658378,0.9830921047417628,358.81824839523813,189.79105534389942,0.95,1,8.602568537063991,-0.7425449574838247,1.0701676631721417,8.604961466183564,-0.7945809639006418,1.0292531318626454,8.602568537063991,-0.7950872435924055,1.0283949704232336
12.8,7.959138099600694,-0.7344563797354133,0.9749504402811319,359.6264522612189,187.8000084990652,0.95,1,7.990086764273633,-0.805476274413855,0.5961009211952315,7.899233613431639,-0.7454053027214795,0.9817183121683639,7.990086764273633,-0.753854266017824,0.9930534790162268
12.9,7.941682529454422,-0.7211869247730839,0.9670113052338583,357.87269867443115,186.10931390757494,0.95,1,7.835946215129571,-0.9823213146014635,0.529400866610757,7.84474932684393,-0.7107813924197335,1.0006775334619737,7.835946215129571,-0.7065914996063131,1.0054393278968428
13.0,7.924263405828924,-0.7067637245761226,0.9592818442856091,356.98338209443955,188.62358770429265,0.95,1,8.282118676012198,-0.5698210935994903,0.3339342153067819,8.134331479860528,-0.7172476558173981,0.9987088902176626,8.282118676012198,-0.7292875227296498,1.0131084375732873
13.100000000000001,7.906891615109451,-0.6912098531880592,0.9517690134295148,357.1801760990812,188.33307072023328,0.95,1,7.8210123688628626,-0.342714368123086,1.322497322043227,7.982012208131498,-0.6954105672229676,0.9930679301431642,7.8210123688628626,-0.6923490884462229,0.9621135546624245
13.200000000000001,7.889578014099726,-0.674550193485133,0.9444795737062451,356.85261247999455,191.74626331412733,0.95,1,8.607663804119394,-0.660930571069622,0.6487137089170423,8.483573175941634,-0.7445978995870854,0.9751046946811417,8.607663804119394,-0.7552735679316374,0.9889331968678434
13.3,7.872333423236798,-0.6568113973689976,0.9374200851195283,355.3526654569543,190.69084000646396,0.95,1,7.113744244086155,-0.5361996807063725,1.0701680971473353,7.222897853694018,-0.6063555760526058,0.8536224116430273,7.113744244086155,-0.5987852866845527,0.8351732216303343
13.4,7.85516861982862,-0.6380218431293635,0.9305969007325916,354.2200499518668,190.2430321511941,0.95,1,8.756300397952167,-0.2530289655096343,0.8843168709466813,8.647603672494258,-0.7038910798016758,1.0243844471723769,8.756300397952167,-0.7134310405035107,1.037349898512839
13.5,7.838094331318585,-0.6182115900447898,0.9240161609508317,351.6834140361992,191.12008765805908,0.65,0,6.967150216115977,-0.7298988989986039,1.0000470791345153,6.967150216115977,-0.7298988989986039,1.0000470791345153,nan,nan,nan
13.600000000000001,7.821121228581218,-0.5974123302942494,0.9176837879958658,351.8869112080761,194.9060378354088,0.95,1,7.6796629568086345,-0.799675268121429,1.0061934732353304,7.8447898515676435,-0.6023975619661149,0.8479022242003469,7.6796629568086345,-0.5830493590754959,0.8245391209789076
13.700000000000001,7.804259919253233,-0.575657338256406,0.9116054805759309,354.12672387024645,191.7120377626078,0.95,1,7.451489500265805,-0.7954804675602869,1.0206139725821348,7.602642750017694,-0.6233693741571015,0.8788677255210384,7.451489500265805,-0.6054641061847902,0.8567077228599042
13.8,7.787520941104099,-0.5529814172777011,0.9057867087574318,348.29752226976024,188.92389041998274,0.95,1,7.506126135013656,-0.46754488113527787,1.0014081167556748,7.5405454042745514,-0.5074533497140338,0.9182773302742674,7.506126135013656,-0.5057256463456625,0.9128183833175927
13.9,7.770914755450284,-0.5294208439944296,0.9002327090422495,350.99626012609906,191.86999910479463,0.95,1,6.973314454686182,-0.6978552373473238,1.4034546380130113,7.435600541805963,-0.5621200476045455,0.8967100443076278,6.973314454686182,-0.5146349256631894,0.7991086451109394
14.0,7.754451740617266,-0.5050133102978567,0.894948479655244,348.3130381578692,188.03823782520243,0.95,1,6.940996081703265,-1.2458423674375425,0.24330267602036504,7.354261142832724,-0.5483041870056639,0.867647743123137,6.940996081703265,-0.46790639741639295,0.8587294944134924
14.100000000000001,7.738142185453421,-0.4797978630352344,0.889938776046189,347.8966706708641,192.60599524124913,0.95,1,7.75851914805709,-0.4689768157237898,0.8487749766473967,7.737191011834131,-0.5135400799752069,0.8728915577387893,7.75851914805709,-0.5153258418260522,0.8754935557711367
14.200000000000001,7.721996282899828,-0.4538148415431744,0.8852081066101878,342.4621644272618,190.9104101439978,0.95,1,8.571929163149779,-1.3893068931292025,1.023784962660976,9.094112096201153,-0.5544272905980564,1.0637105428753106,8.571929163149779,-0.4584382912416933,1.0018868735564923
14.3,7.70602412362001,-0.4271058131133148,0.8807607286304219,343.80590312745926,192.10099536727927,0.95,1,8.799030864882512,-0.8218290808254147,0.7478284495039587,8.830376166253583,-0.506186732945509,1.0025018203763503,8.799030864882512,-0.4987354199640885,1.0034876670487147
14.4,7.690235689693603,-0.39971350649352133,0.8766006444468841,341.24589528317244,191.91773257244415,0.65,0,7.163211347633569,-0.7127346226206563,0.7624089426888201,7.163211347633569,-0.7127346226206563,0.7624089426888201,nan,nan,nan
14.5,7.674640848377874,-0.3716817435310053,0.8727315978545428,339.8365843472522,192.5442879582747,0.95,1,8.673880546957028,0.27140359288962673,0.7551528690904911,8.680482577385568,-0.4001084467341784,0.9775376090156233,8.673880546957028,-0.4096670549707217,0.9800599464778939
14.600000000000001,7.65924934594101,-0.3430553690667161,0.8691570707341778,341.7546518393129,187.20588070519477,0.95,1,8.99279149578614,-0.3306036021220974,1.482948930079556,9.181135791072034,-0.4706257724481875,1.1661969040382634,8.99279149578614,-0.4657977334627648,1.1303964452901032
14.700000000000001,7.644070801571021,-0.31388017919316247,0.8658802799189242,336.77230342400975,192.77762594779927,0.95,1,7.578761746813577,-0.26800994007701195,0.9937963453439164,7.642773867174785,-0.30452612713632965,0.8619083040956486,7.578761746813577,-0.3026506942757987,0.8521121953822405
14.8,7.629114701364054,-0.28420284799043344,0.8629041742993391,336.23799683209734,191.75134656974964,0.95,1,9.854312276921329,0.013747103205242694,0.6153615888163269,9.731578358327502,-0.3741844119177286,1.1153887766771828,9.854312276921329,-0.3809864084170153,1.1320411853396155
14.9,7.614390392395898,-0.2540708528576272,0.8602314321695991,330.5007785462139,193.20672938608865,0.95,1,8.292688901588999,-0.3807122408371467,0.6888188681541759,8.248569374333865,-0.2075118722838641,0.9173359518260316,8.292688901588999,-0.2073325945434091,0.9239096092596031
15.0,7.59990707688036,-0.2235323985591407,0.857864458817216,335.80795770438664,189.52339849488644,0.95,1,8.235928028804837,-0.21265244283923723,0.9553660288963481,8.211573610003843,-0.3081558425267542,0.9865962359182093,8.235928028804837,-0.30998381413266496,0.9898134693685172
15.100000000000001,7.585673806418184,-0.19263634010732666,0.8558053843584412,332.39345380749893,191.95912174844742,0.95,1,7.595463461723888,-0.07483224579542452,1.0045434484610936,7.65645313654737,-0.2231456655117565,0.8782076108829029,7.595463461723888,-0.22412863228433552,0.868792227211413
15.200000000000001,7.571699476340097,-0.16143210460490243,0.8540560618213042,328.8319438863922,190.5199579909486,0.95,1,6.215822623446306,0.0718683294084343,0.5103492648806991,6.1544312586967,-0.12997528722159513,0.7257030031257419,6.215822623446306,-0.1307090395667736,0.7322837250688937
15.3,7.557992820147513,-0.12996961217212263,0.8526180654780129,326.5535392256016,195.21983942967717,0.65,0,6.548383425255925,-0.15041354752266148,0.8820114166380719,6.548383425255925,-0.15041354752266148,0.8820114166380719,nan,nan,nan
15.4,7.544562404054383,-0.09829919608524004,0.8514926894282141,326.6375513038823,196.0626785509594,0.95,1,7.059108088853787,0.19256195409855095,0.3817313811983967,7.016153503979243,-0.10994139086370677,0.7329100010743439,7.059108088853787,-0.11155998118908898,0.738472145817837
15.5,7.531416621633585,-0.06647152225399712,0.8506809464343922,326.0617013481705,193.4387585104372,0.95,1,7.246555997492793,-0.27117746948054733,0.8343754018156234,7.283270224807487,-0.10755123810392259,0.807839170496219,7.246555997492793,-0.10458680537998857,0.8033539137307181
15.600000000000001,7.518563688571218,-0.034537508166982235,0.8501835670104505,325.4171941243813,193.38525859247596,0.95,1,7.7137686878242855,-0.3873000405352229,1.1036825041201304,7.894623137954414,-0.11160986870679995,0.8844233122880771,7.7137686878242855,-0.09949281526790034,0.8561317444294883
15.700000000000001,7.506011637532066,-0.002548241434509682,0.8500009987642987,321.79856358289476,191.844925508666,0.95,1,7.550113295366356,-0.6647294300936784,0.16449399462533787,7.70498904381779,-0.05242838872081834,0.8616754367838122,7.550113295366356,-0.0323318067137511,0.8656577813247098
15.8,7.493768313139442,0.029445101940661536,0.8501334059950351,318.4827947052183,190.9580920764145,0.95,1,7.485144808088924,-0.04789345928456239,0.8139363662439133,7.462255078781959,0.02641508512708557,0.8709336080313868,7.485144808088924,0.027039288892953334,0.8740137677928599
15.9,7.481841367072552,0.06139133943401514,0.8505806695450893,318.53290894745385,189.89526984098555,0.95,1,7.4622536475014,0.14033728326257838,1.182258032991994,7.636393913378913,0.030473586837458183,0.9205116737080521,7.4622536475014,0.02606620370971236,0.8902242985385214
16.0,7.4702382532844505,0.09323936388039492,0.8513423869074557,316.32249401056384,191.75358429990143,0.95,1,6.69246482264216,-0.31695069363488326,0.4686790366468718,6.680002369620826,0.05609634617327486,0.7654464174390894,6.69246482264216,0.058598998736565065,0.7687796187892383
16.1,7.458966223343556,0.12493822523457024,0.8524178725879226,315.3074637246305,193.50373185075782,0.95,1,7.661207890361651,0.5606698077608262,0.7014490692040939,7.741284222376978,0.09649973397211375,0.8538133591645223,7.661207890361651,0.0855964189015929,0.8481370867079652
16.2,7.448032321901664,0.1564372120804354,0.8538061587219705,314.81968330044344,193.3147944858554,0.65,0,5.696842430989906,-0.439960289833196,0.5622433057433665,5.696842430989906,-0.439960289833196,0.5622433057433665,nan,nan,nan
16.3,7.437443382291258,0.18768593275846465,0.8555059959457854,306.2571037792191,191.55479905628275,0.95,1,7.047033161044608,0.044749913219310405,0.8690093889891063,7.068509292513707,0.22902962016509562,0.8159809014535059,7.047033161044608,0.23058725094437516,0.8128450893901071
16.400000000000002,7.4272060222549126,0.21863439598161127,0.8575158545206016,305.2924607526849,190.47190018301885,0.95,1,7.2089835906792,0.5859032596718038,0.6209097975321226,7.236609597230131,0.25784501660227377,0.850285364751868,7.2089835906792,0.25244383117420177,0.8501125210908062
16.5,7.417326639809409,0.24923309081070297,0.8598339257093627,308.9098387733067,192.58768113678929,0.95,1,6.813704068176529,0.4168395292928645,0.322359201235221,6.7879615066393955,0.1803741726871147,0.7641603239070758,6.813704068176529,0.17991684920727055,0.7691750236189087
16.6,7.407811409247188,0.27943306586138855,0.8624581234044644,302.7591483891524,189.0738566178008,0.95,1,7.68059560297119,0.31532668016558196,0.8108532519331058,7.632721990070719,0.3133419585709524,0.9249926484715902,7.68059560297119,0.3152857358898922,0.9312931260419036
16.7,7.398666277277616,0.3091860076159035,0.8653860860051086,302.5140057923847,188.44151811567863,0.95,1,8.5104595522821,0.0914134017627522,1.5864904456885358,8.851066937021601,0.35445070915382393,1.1145515948417457,8.5104595522821,0.3543186819889265,1.0447294634609199
16.8,7.389896959310488,0.3384443177143981,0.8686151785425869,299.4224561901546,191.25683872440487,0.95,1,7.232094944850819,-0.1085114380251817,0.8930870318907758,7.282801265906484,0.3491387020958811,0.8460390335128978,7.232094944850819,0.3543303584872122,0.839321833945904
16.900000000000002,7.38150893588408,0.3671611891021535,0.8721424950515724,301.41954329694704,191.59354347042162,0.95,1,6.628137295660942,0.10404664236742844,1.0111041500569944,6.754206040033167,0.2936603902725746,0.7849860885288916,6.628137295660942,0.2932233762950444,0.7639158092249728
17.0,7.373507449239992,0.39529068091088715,0.8759648611852936,292.9013949089866,190.71317910614292,0.95,1,7.762414911295079,0.1775319858218968,1.2215566619515337,7.911621334946151,0.5006433702637254,0.9375639840188363,7.762414911295079,0.5008348005566167,0.910916079611443
17.1,7.3658975000469145,0.42278779195434524,0.8800788370722326,296.03690673326446,190.64610052863463,0.65,0,8.176152930661708,0.925493406751497,1.0653735295662352,8.176152930661708,0.925493406751497,1.0653735295662352,nan,nan,nan
17.2,7.358683844275381,0.4496085327205944,0.8844807204117756,297.57082175443753,185.39141136843563,0.95,1,8.31308394273537,-0.2086709170703257,0.7732134283918137,8.266473967633566,0.43685421365745536,1.0727044504244612,8.31308394273537,0.4439420036236544,1.0808709078297596
17.3,7.351870990225434,0.4757099957458635,0.8891665498060359,291.64128277846174,190.3852261147499,0.95,1,6.744967310799035,0.5174390471404507,0.6891593230871779,6.721723878233616,0.454174944361663,0.7935319447169095,6.744967310799035,0.45542528722730763,0.7967857809254703
17.400000000000002,7.345463195709085,0.5010504242573253,0.8941321083248424,288.187674641398,191.82707785116915,0.95,1,7.229152706344272,1.1598116323287426,0.83473017957771,7.568336842677352,0.6073240969328412,0.8680079879858403,7.229152706344272,0.5475622808601001,0.829165263154125
17.5,7.339464465389327,0.5255892789750313,0.8993729273006927,290.65992789447006,190.2266568593868,0.95,1,7.629119087422477,0.444295013501549,0.9258725780855845,7.619806354406773,0.53146823048029,0.9032251438605028,7.629119087422477,0.5329497717301196,0.9041113385687638
17.6,7.3338785482773385,0.5492873029661113,0.9048842903502541,287.40126951721305,189.80618899188707,0.95,1,7.338090224582588,0.7062007260567171,1.312741927791766,7.648237980763111,0.6004553221692951,0.93620518208109,7.338090224582588,0.5695533940227175,0.876968366412332
17.7,7.328708935389489,0.5721065844474863,0.9106612376187873,289.35016339588964,188.2767929948258,0.95,1,8.48188473371182,0.6804736131156947,1.117002647731248,8.534123311200588,0.6239164429534537,1.052289518852709,8.48188473371182,0.6189723361503937,1.0445482854185792
17.8,7.323958857565553,0.594010617436642,0.9166985702436832,286.40464820735326,187.97165830814532,0.95,1,6.5183537011356565,0.5632537575911748,1.2457998829529393,6.813631417837392,0.5470387630589576,0.8668883103631935,6.5183537011356565,0.5213961564251268,0.8074741276929799
17.900000000000002,7.319631283449549,0.6149643601534052,0.9229908550330869,282.98669170762383,186.74378324472468,0.95,1,7.925809330341557,0.6890277666316728,1.23322874088187,8.047669834286872,0.7088407164929408,1.02636326335226,7.925809330341557,0.6984772005012465,1.0049967134706035
18.0,7.3157289176344324,0.6349342910793225,0.9295324293554043,283.24302987667676,187.40182236097596,0.65,0,7.659265613930105,1.055041481470085,1.0308081342903932,7.659265613930105,1.055041481470085,1.0308081342903932,nan,nan,nan
18.1,7.312254198971808,0.6538884625849387,0.9363174062352888,284.4417153568283,184.10288957176655,0.95,1,7.063265378072084,0.771432902511497,-0.08939062531318265,7.184184505474983,0.612666986177756,0.9291023045291338,7.063265378072084,0.597994287675588,0.9400383924333652
18.2,7.309209299047734,0.671796552039184,0.9433396796515202,281.1473725034514,188.75695676517486,0.95,1,7.577229314517269,-0.6051479367859902,0.3401274870596239,7.876325744016708,0.6635703023712669,0.9316164847890307,7.577229314517269,0.7009411143163522,0.9244768794380782
18.3,7.306596120825548,0.6886299103191215,0.9505929300320135,278.92878775453767,183.71322550392418,0.95,1,7.622834141484237,0.8557651783624998,0.5437428569830378,7.542585356727657,0.7376873497802051,1.0108343963741953,7.622834141484237,0.7454262831829899,1.0215827293874071
18.400000000000002,7.304416297456575,0.704361607642428,0.9580706299410058,279.9041995973827,186.60022556249749,0.95,1,6.805944868141317,1.184050953657374,0.7886600838905691,7.090129126084012,0.7033001710692607,0.8973226450592755,6.805944868141317,0.6497376356766943,0.8653236209352956
18.5,7.302671191259464,0.7189664766493016,0.9657660499533083,278.67278823940705,187.11362370985046,0.95,1,8.872715409941554,0.7182945280375804,1.1085787118617516,8.823359881017016,0.8668974088759764,1.1110492214678773,8.872715409941554,0.873058544376502,1.1172518235370892
18.6,7.301361892868784,0.7324211526648721,0.9736722647103357,279.5821488400988,185.6745890582878,0.95,1,8.433173971817808,0.7782806433325689,0.6228518714685554,8.292370199960141,0.7982915217003962,1.0744545872764046,8.433173971817808,0.8115494533297263,1.0907991465760802
18.7,7.300489220553409,0.744704111077691,0.9817821591524598,278.2651142467081,188.17299462037656,0.95,1,7.223680004367406,0.7322403534111591,0.504122580881912,7.128138395908229,0.7083542246454452,0.881076314415342,7.223680004367406,0.7178082373824115,0.8913850058262568
18.8,7.300053719705129,0.7557957017745234,0.9900884349220846,276.10586034726634,179.02938245683504,0.95,1,7.120971269766553,0.49602846887542057,1.3136136499376865,7.238889558589184,0.7500412759244841,1.0578909947317765,7.120971269766553,0.7442116842338982,1.0337381329161959
18.900000000000002,7.300055662497799,0.7656781805763341,0.9985836169316742,279.1561273837903,181.63228316934928,0.65,0,7.324283974427479,0.6666996683746845,0.9614199412137725,7.324283974427479,0.6666996683746845,0.9614199412137725,nan,nan,nan
19.0,7.300495047717235,0.7743357376251893,1.0072600600908268,275.66795862639,184.6710824377133,0.95,1,7.456680460601551,0.9902207075166122,0.6573607800565433,7.450676176941651,0.7883514811387667,0.9784753045847874,7.456680460601551,0.7870711111647082,0.982309663078422
19.1,7.30137160076198,0.7817545226766585,1.0161099561863423,271.8262727365138,179.04656703155428,0.95,1,6.57226025792709,1.168392248067544,0.8717920509146866,6.780822555819799,0.7939056924030897,0.9806090137543692,6.57226025792709,0.753833983738165,0.9538138692446159
19.200000000000003,7.302684773814912,0.787922667257249,1.0251253409090844,271.48157325117046,179.45359674373,0.95,1,6.3108953089971,0.9432571155413356,1.1873047730205248,6.582986769411271,0.7709732820314861,0.9626133252156797,6.3108953089971,0.7290350280216852,0.909766695920574
19.3,7.304433746185619,0.7928303036514319,1.0342981010213226,275.29206698848674,181.57693443177033,0.95,1,6.232933066105924,0.8731489040636942,1.2917521833712533,6.606363924099246,0.7169159851114011,0.9468889894510135,6.232933066105924,0.663479890439785,0.8670168028654601
19.400000000000002,7.306617424823301,0.7964695806878841,1.0436199816580995,274.76977304152723,177.1849591596225,0.95,1,7.568687941017686,1.0176631000043725,0.5521257973263374,7.514132406006265,0.8099469307363679,1.1219479959104266,7.568687941017686,0.8150796984525855,1.1319701002930918
19.5,7.309234444999891,0.7988346762996841,1.053082593756049,269.4775079325057,179.59694048636337,0.95,1,7.540962553497228,0.6929177604850278,0.8841060382024234,7.383847967128911,0.8905971479925968,1.064201227848294,7.540962553497228,0.9071148114055599,1.084517166449996
19.6,7.312283171162967,0.7999218068383802,1.062677421602991,273.11085870868254,179.881130272455,0.95,1,7.921672097756776,1.3176678855743607,1.6907069407131168,8.507056717189199,0.9856102870760907,1.2638058613652652,7.921672097756776,0.8843819101314395,1.13390945921278
19.700000000000003,7.315761697957917,0.7997292331270194,1.072395830501495,275.49122012826984,178.7099273356135,0.95,1,8.23612720801205,0.7613222695564551,1.195847887560715,8.196580343859555,0.8678166632657227,1.1961419863749192,8.23612720801205,0.8728094592785138,1.2018877025052128
19.8,7.319667851418726,0.7982572632424594,1.0822290745395236,275.7165415527214,178.36049419010573,0.65,0,7.856443861667696,0.840669545497271,1.127996540308564,7.856443861667696,0.840669545497271,1.127996540308564,nan,nan,nan
19.900000000000002,7.32399919032663,0.7955082520225123,1.0921683044611679,275.44113667691306,175.95947671504578,0.95,1,7.900626382639957,0.774759325913436,0.8369178767303864,7.735582520978101,0.821473004974446,1.183183169289937,7.900626382639957,0.8381974551210205,1.204667256721852
20.0,7.328753007735803,0.7914865972987055,1.102204575630376,274.28185041978196,177.22783746993323,0.95,1,7.038621861650702,1.0133552295055153,1.1032522275503605,7.185214502785454,0.7893327325117312,1.0752095256786347,7.038621861650702,0.7661732550227133,1.051975036874331
