method,sample_index,saved_tick_index,time_since_initialization_s,timestamp_s,filtered_x_m,filtered_y_m,filtered_z_m,filtered_Vx_mps,filtered_Vy_mps,filtered_Vz_mps,filtered_V_mps,P_xx_m2,P_yy_m2,P_zz_m2,P_VxVx_m2ps2,P_VyVy_m2ps2,P_VzVz_m2ps2,gt_x_m,gt_y_m,gt_z_m,V_ref_x_mps,V_ref_y_mps,V_ref_z_mps,V_ref_mps
radar_only,0,0,0.0,72.512097,0.05214371532201767,-0.1325264722108841,9.020475387573242,0.0,0.0,0.0,0.0,0.10214955413622713,0.7671504656294204,0.09,4.0,4.0,4.0,-0.06398507970005271,0.06980218593169352,9.074242312777734,-0.030146934997373497,0.01694010183893888,0.0037089668142472423,0.03477874602222844
radar_camera,0,0,0.0,72.512097,0.05214371532201767,-0.1325264722108841,9.020475387573242,0.0,0.0,0.0,0.0,0.10214955413622713,0.7671504656294204,0.09,4.0,4.0,4.0,-0.06398507970005271,0.06980218593169352,9.074242312777734,-0.030146934997373497,0.01694010183893888,0.0037089668142472423,0.03477874602222844
radar_only,1,100,1.0,73.512097,0.05214371532201767,-0.1325264722108841,9.020475387573242,0.0,0.0,0.0,0.0,0.17200862588928276,0.9137785667451692,0.1531904761320965,0.3486712210470774,1.4997332535887882,0.31825182157044585,-0.16580604112619154,0.07725633512402065,9.080571064109924,-0.25157023835248615,0.06017020598535649,-0.001220026124298163,0.2586687591820684
radar_camera,1,100,1.0,73.512097,-0.11046446117908539,0.12268407217180599,9.315273522990017,-0.05472004777819136,0.06283207153515329,0.2990066448596153,0.31039833522821975,0.003414531300286132,0.013192098408298672,0.1530448176824504,0.049966984648943676,0.09116376215479358,0.3179727686286868,-0.16580604112619154,0.07725633512402065,9.080571064109924,-0.25157023835248615,0.06017020598535649,-0.001220026124298163,0.2586687591820684
radar_only,2,200,2.0,74.512097,0.05214371532201767,-0.1325264722108841,9.020475387573242,0.0,0.0,0.0,0.0,0.02870185574716312,0.16600878915803352,0.025950399135287166,0.11186207939688997,0.21515124433780355,0.10844576078861559,-0.5372085388825261,0.20166328015876706,9.090863785271702,-0.4153587173805571,0.184104954344149,0.01916355627894974,0.45473590160371014
radar_camera,2,200,2.0,74.512097,-0.4925957769735324,0.15631312016361795,9.205993572352519,-0.41656375790330447,0.03980526366776464,0.030040409613617827,0.41953813846173393,0.0029532064473806454,0.010113440100716846,0.025928168491706895,0.04723806087115624,0.07308029472584966,0.10835832793359287,-0.5372085388825261,0.20166328015876706,9.090863785271702,-0.4153587173805571,0.184104954344149,0.01916355627894974,0.45473590160371014
radar_only,3,300,3.0,75.512097,0.05214371532201767,-0.1325264722108841,9.020475387573242,0.0,0.0,0.0,0.0,0.04147916389230225,0.17131035842722325,0.03799561886150922,0.12672087259659526,0.20817540887893282,0.12288696402746728,-0.8101358672094372,0.48813224256323917,9.11606549397781,0.09030454119998829,0.36426904116133385,0.03148483774918475,0.3766140458321097
radar_camera,3,300,3.0,75.512097,-0.7947288582326443,0.3978025349778257,9.18127500297106,-0.22387621027086868,0.26931812452281256,0.03444573456335401,0.351908110664333,0.002976735274014369,0.009859561809338056,0.03789563952853482,0.04761437816370189,0.07285981640282035,0.12264107967191559,-0.8101358672094372,0.48813224256323917,9.11606549397781,0.09030454119998829,0.36426904116133385,0.03148483774918475,0.3766140458321097
radar_only,4,400,4.0,76.512097,0.05214371532201767,-0.1325264722108841,9.020475387573242,0.0,0.0,0.0,0.0,0.033760539378553084,0.1435547092390764,0.030836807916233805,0.11583714274047599,0.19069180501659458,0.11221331548651076,-0.31046072292700017,0.83619218085542,9.135444468673388,0.7252752936136225,0.2384938820243323,-0.007039242852211905,0.7635136765175166
radar_camera,4,400,4.0,76.512097,-0.4255866699768359,0.813089101342268,9.214703783887005,0.570855361516009,0.42827117011004434,0.03185526690907106,0.7143576113886154,0.002882820917631488,0.00941867115565604,0.030782385458234116,0.046960925351954654,0.07143081306672973,0.11213542711448883,-0.31046072292700017,0.83619218085542,9.135444468673388,0.7252752936136225,0.2384938820243323,-0.007039242852211905,0.7635136765175166
radar_only,5,500,5.0,77.512097,-0.08293874677241983,-0.1253583061913183,9.02038236160942,-0.11564653269984126,0.005597785397843074,-8.188315336026271e-05,0.11578196073528278,0.04262412644688806,0.1807040049515241,0.03894191868961868,0.12679637594620477,0.20360524853393566,0.123217032046077,0.35299886842508416,0.8024541894398816,9.124902315577401,0.40208433391708553,-0.30911272108983473,-0.019881887958137747,0.5075606125280884
radar_camera,5,500,5.0,77.512097,0.23359887312420627,0.8834246471049829,9.204266635134047,0.5968496479796935,0.0177710584631533,0.013237147641008841,0.5972608600017707,0.003122858304063598,0.009433048766044005,0.03876820425421907,0.04834469533747655,0.07180730307658288,0.12276845356211828,0.35299886842508416,0.8024541894398816,9.124902315577401,0.40208433391708553,-0.30911272108983473,-0.019881887958137747,0.5075606125280884
radar_only,6,600,6.0,78.512097,-0.5025149975876178,0.07059878592475825,9.009174389110472,-0.32681247743129016,0.11252445129105404,-0.009448302098161308,0.3457707592548399,0.03521882251696482,0.15932721353771853,0.03204194448848406,0.11790716555711565,0.19330877500669919,0.11425292896975459,0.2770919787990358,0.3882946587069599,9.099177337604717,-0.7058465640824103,-0.4629316661876745,0.0005506915443359864,0.8441121980207474
radar_camera,6,600,6.0,78.512097,0.4090884779358008,0.5129120665217184,9.222877646173888,0.003385810560070618,-0.35840957744532,0.03887391998444522,0.3605274893439314,0.003313739151204308,0.009858907206916444,0.03184473095703407,0.048608120798406415,0.07246425577969719,0.11378866750018332,0.2770919787990358,0.3882946587069599,9.099177337604717,-0.7058465640824103,-0.4629316661876745,0.0005506915443359864,0.8441121980207474
radar_only,7,700,7.0,79.512097,-0.708522172557935,0.36404310461961076,8.988385089396603,-0.20375274170105753,0.21232211647949023,-0.016788573943209432,0.2947502622765156,0.0267194253797215,0.12892747658231885,0.024219902414451266,0.10809795764380654,0.17965661534898958,0.1047807004298942,-0.74255176573916,-0.06284749934503854,9.114754266252277,-0.883027228722158,-0.3293562080507658,0.010825769998524557,0.9425124910272408
radar_camera,7,700,7.0,79.512097,-0.5884019042302253,0.0028680898388350486,9.122035255879469,-1.052282333233937,-0.4978043675859125,-0.06280511389687202,1.165783761919623,0.002923177825562972,0.01008908999240099,0.024118664039276604,0.04742467852858687,0.07282864526352857,0.10449317087252824,-0.74255176573916,-0.06284749934503854,9.114754266252277,-0.883027228722158,-0.3293562080507658,0.010825769998524557,0.9425124910272408
radar_only,8,800,8.0,80.512097,0.20042546933572555,0.6854369391139296,8.995531048639679,0.7453309572067907,0.2727902233164228,-0.002125878855371798,0.7936858705235481,0.023201686073553933,0.10154994081404446,0.021158047185147546,0.10309842742010979,0.1720652972374921,0.09986773282340276,-1.2565036148480018,-0.25509640883011864,9.121853228728039,-0.07050420043660999,-0.0754079173510216,0.00747339601957361,0.10350385464556167
radar_camera,8,800,8.0,80.512097,-1.2386252425738329,-0.28216034400314577,9.22366637685988,-0.4616028032940893,-0.23866172678518233,0.13210112955631348,0.5361783996685251,0.002988821245721239,0.010354553777480693,0.020931493164477767,0.046767710552539185,0.07281085058121844,0.09910281062878125,-1.2565036148480018,-0.25509640883011864,9.121853228728039,-0.07050420043660999,-0.0754079173510216,0.00747339601957361,0.10350385464556167
radar_only,9,900,9.0,81.512097,0.7474997540211434,0.5963020296143764,8.989781476388465,0.5480300114991399,0.02778141270714812,-0.004364521326035777,0.5487510814952056,0.023372204540251237,0.10440990592711556,0.021294041341281333,0.10249773851997575,0.1683002007831777,0.09947736805857807,-0.9842037006174325,-0.17363082215000242,9.12772025539123,0.42658379991934386,0.26778875290370496,0.004791203165982882,0.5036938655206414
radar_camera,9,900,9.0,81.512097,-1.037208696220094,-0.23639158813639718,9.312953775342569,0.30730066344606466,0.08376587408060873,0.10102426832230206,0.33415014919185115,0.0030230719492954565,0.010595473934695319,0.021143907969531067,0.047376408884138584,0.07378120201371909,0.09898259162171019,-0.9842037006174325,-0.17363082215000242,9.12772025539123,0.42658379991934386,0.26778875290370496,0.004791203165982882,0.5036938655206414
