time_s,point_count,truth_x,truth_vx,truth_y,truth_vy,truth_z,truth_vz,strongest_x,strongest_vx,strongest_y,strongest_vy,strongest_z,strongest_vz,closest_x,closest_vx,closest_y,closest_vy,closest_z,closest_vz,average_x,average_vx,average_y,average_vy,average_z,average_vz,kmeans_x,kmeans_vx,kmeans_y,kmeans_vy,kmeans_z,kmeans_vz,weighted_x,weighted_vx,weighted_y,weighted_vy,weighted_z,weighted_vz
0.0,11,4.0,0.0,0.0,0.0,1.5,0.0,nan,nan,nan,nan,nan,nan,nan,nan,nan,nan,nan,nan,nan,nan,nan,nan,nan,nan,nan,nan,nan,nan,nan,nan,nan,nan,nan,nan,nan,nan
0.1,11,4.0,0.0,0.0,0.0,1.5,0.0,4.00057823879738,-0.0006393424327146026,0.0012625764516770808,0.0,1.4970856883602888,0.0,4.00057823879738,-0.0006393424327146026,0.0012625764516770808,0.0,1.4970856883602888,0.0,4.00057823879738,-0.0006393424327146026,0.0012625764516770808,0.0,1.4970856883602888,0.0,4.00057823879738,-0.0006393424327146026,0.0012625764516770808,0.0,1.4970856883602888,0.0,4.00057823879738,-0.0006393424327146026,0.0012625764516770808,0.0,1.4970856883602888,0.0
0.2,11,4.0,0.0,0.0,0.0,1.5,0.0,3.9713356389503347,-0.01048322455943415,0.08464886757350414,0.20540254536100944,1.3922777480816457,-0.258169747300859,4.0321685169521775,-0.06794854095983734,0.027654003442111802,0.06500908250763514,1.4309906180148881,-0.16280968372757657,3.974751802399693,-0.053886016005318504,0.02472740808481637,0.05780010213996358,1.4726148203479923,-0.060278236497837055,3.974751802399693,-0.053886016005318504,0.02472740808481637,0.05780010213996358,1.4726148203479923,-0.060278236497837055,3.973307562347001,-0.04347206001155736,0.027970927384942626,0.06578975021293205,1.4699909596163812,-0.06674150121071853
0.30000000000000004,11,4.0,0.0,0.0,0.0,1.5,0.0,3.980444865815339,0.03503795490502836,0.237098671680602,0.6968274734032904,1.4512122065036426,0.0575690833880137,3.990502037519248,-0.06422119793978093,-0.1098341815216666,-0.47141781002560723,1.3574987342354379,-0.37594717133483163,4.008997876337671,-0.03382384133460528,0.005866579797296725,-0.033998576021631886,1.484459869517218,0.006306595817606252,4.008997876337671,-0.03382384133460528,0.005866579797296725,-0.033998576021631886,1.484459869517218,0.006306595817606252,3.9995589463635626,-0.022491010393032477,0.035574696172242196,0.06532672724578298,1.474879102430086,-0.017358369966499428
0.4,11,4.0,0.0,0.0,0.0,1.5,0.0,3.981684408656593,-0.016113683651693696,0.055077666326694585,-0.18981995980908406,1.3506964827097316,-0.31678511472223947,3.985879674166824,-0.06703744084616406,-0.16315441454857876,-0.4931819218832151,1.2861972365831942,-0.49468211314206306,3.9935959147118973,-0.02214081954494341,-0.007839499268706442,-0.07030309953079306,1.4385431711640493,-0.15766034942678106,3.9935959147118973,-0.02214081954494341,-0.007839499268706442,-0.07030309953079306,1.4385431711640493,-0.15766034942678106,3.9858366744764084,-0.021719491029864764,0.0024476117131368713,-0.0626965161240097,1.4130248242976198,-0.21431683593873913
0.5,11,4.0,0.0,0.0,0.0,1.5,0.0,3.975501852312211,-0.023163312000213127,0.09658742885470971,-0.006360353429722215,1.4547943268209775,0.0949978680338841,3.9811732432704066,-0.045040024455773695,-0.24414784331137257,-0.5892466847065445,1.3460028202721745,-0.1632761842516609,3.9930224958420637,-0.006721026084633198,-0.04628288641942587,-0.16557278452421945,1.4844815874084725,0.02947711533993108,3.9930224958420637,-0.006721026084633198,-0.04628288641942587,-0.16557278452421945,1.4844815874084725,0.02947711533993108,3.9855876930538434,-0.011112294477918915,-0.026923552451031684,-0.1293877718813563,1.4730726507722942,0.015281663252010774
0.6000000000000001,11,4.0,0.32,2.7755575615628914e-17,0.25,1.5,0.075,3.98467638375307,0.12812610828568768,0.04494040645399389,-0.13873948303332467,1.3818620860157398,-0.11892232241327472,3.9886635677157933,0.11667891519698036,-0.16599159134774366,-0.23350659852061328,1.3106998432869765,-0.2125193296009129,4.025157105046596,0.1728504404893997,0.03796816322148337,0.09603592958835686,1.5285011694755894,0.13606314289929033,4.025157105046596,0.1728504404893997,0.03796816322148337,0.09603592958835686,1.5285011694755894,0.13606314289929033,4.017775828652877,0.15946279985513853,0.04379623473213345,0.0500970713765288,1.5164685798411772,0.11203582324787696
0.7000000000000001,11,4.031991467349307,0.3197440341315129,0.024989584635339186,0.24968756509874157,1.507498875050624,0.07496625253117406,4.033100791940364,0.23206807980288735,0.12110981733696406,0.06380053980875908,1.4498157428727452,0.06067990864479239,4.021603105075636,0.2095527250284772,-0.1712731671859834,-0.19286270515671855,1.3712196821877367,-0.028585092915372423,4.060256961567836,0.2439726223278345,0.07261691495099942,0.15237153362775907,1.4989598125312418,0.03900845284389637,4.060256961567836,0.2439726223278345,0.07261691495099942,0.15237153362775907,1.4989598125312418,0.03900845284389637,4.060943151399004,0.24307674154747322,0.08523640295269136,0.11908697519945786,1.5131781251027534,0.07432676517922487
0.8,11,4.0639317551753384,0.31897654601683817,0.04991670832341409,0.24875104131950643,1.514991001619861,0.07486504049514031,4.053353415676344,0.2680685737854037,0.13811226964641918,0.0848437191470644,1.4582502436346798,0.06536801114647026,4.06229190596569,0.2082632668419239,-0.2535663643211994,-0.3176806620246432,1.3234716111712488,-0.11751219474082382,4.070014412647833,0.25337547760335444,0.015625250932933155,0.009284830368904123,1.4861018855388548,0.005808996412177608,4.070014412647833,0.25337547760335444,0.015625250932933155,0.009284830368904123,1.4861018855388548,0.005808996412177608,4.070779284947141,0.252723930107707,0.024352311374914726,-0.01612203002118036,1.485652143828081,0.01163966416675176
0.9,11,4.095769765831135,0.3176987634732372,0.07471906623679962,0.24719276948401056,1.5224696372995028,0.07469645497589956,4.129263137068882,0.32335210062646014,-0.008267605402018763,-0.1895165425009141,1.5777322112761798,0.2654636823413624,4.087321617172039,0.1825688696733754,-0.2143479432612217,-0.19191973527290893,1.2723821752995248,-0.18720448043792423,4.123821250043836,0.2761901926448713,0.013089519196402352,0.0031475656982094743,1.5009737277056419,0.03112708504398776,4.123821250043836,0.2761901926448713,0.013089519196402352,0.0031475656982094743,1.5009737277056419,0.03112708504398776,4.137215439802202,0.2855323043214711,0.020652086294235192,-0.02278308609632352,1.5229329509391065,0.06770076511631648
1.0,11,4.127454565291397,0.31591273068020065,0.09933466539753061,0.2450166444603104,1.5299280518222298,0.07446064768903997,4.142375841614533,0.29579998979351635,-0.08632542002268163,-0.2844829035320499,1.37754853751716,-0.09882536789522034,4.10077626095256,0.22359001561315428,-0.2225394455856561,-0.17424518640670958,1.1460693752331763,-0.3600740101502692,4.15173912440874,0.29274953590310787,0.011682951347561362,0.000381899392540447,1.43528938274647,-0.07940971477751989,4.15173912440874,0.29274953590310787,0.011682951347561362,0.000381899392540447,1.43528938274647,-0.07940971477751989,4.162101991292312,0.2926290178518626,0.00408001391720356,-0.04267202441888979,1.4226497840217636,-0.09610930713105381
1.1,11,4.158935464636049,0.3136213049091973,0.1237019796272615,0.24222810542766118,1.5373595331183998,0.07415783084520317,4.165328012005152,0.26422384107959107,-0.058778796221670385,-0.20183999065704433,1.3736709598966725,-0.08996264661203884,4.125785214724414,0.22763121098788222,-0.1443776388318852,-0.03316929619534867,1.1975341933134986,-0.2309737321898283,4.17325315618656,0.30129868609499305,0.005781899086749902,-0.008383830193752908,1.463741262567785,-0.025697493147917423,4.17325315618656,0.30129868609499305,0.005781899086749902,-0.008383830193752908,1.463741262567785,-0.025697493147917423,4.177518594244108,0.2942273520217474,7.817097263217404e-05,-0.042332965927613465,1.449113632989198,-0.04394822810851283
1.2000000000000002,11,4.190162101141707,0.31082815195264946,0.14776010333066983,0.2388341222814015,1.544757393356456,0.07378827695910911,4.18708697291596,0.3013842711024215,0.020185554264930197,-0.06582950208930255,1.463147778813949,0.045121520383757635,4.1298343845288334,0.21422008034599418,-0.03381383200572326,0.12305089982780715,1.2363031638150335,-0.14610624147190732,4.182942454669209,0.29349613285277576,0.07732266058617651,0.09090499158259076,1.4646409040300974,-0.020938225477229573,4.182942454669209,0.29349613285277576,0.07732266058617651,0.09090499158259076,1.4646409040300974,-0.020938225477229573,4.181197573215082,0.29497679161382034,0.07847951214658336,0.06549181582841845,1.4636430257826727,-0.017530477028226056
1.3,11,4.221084518851291,0.3075377402594467,0.1714489037277257,0.23484317821184472,1.5521149749615248,0.07335231860431111,4.227176818559207,0.3133134517600687,0.07538522664637182,0.013808816304557825,1.442761900243636,0.013027750228655231,4.180405692455953,0.2641147875960239,0.014213170071720568,0.1690967439463702,1.219471724065211,-0.14896889139904088,4.215625986247461,0.2817641517508702,0.10366683987997782,0.11314512990126208,1.438415075810824,-0.05204458306737938,4.215625986247461,0.2817641517508702,0.10366683987997782,0.11314512990126208,1.438415075810824,-0.05204458306737938,4.219115164215159,0.2891539749913525,0.10860167500467938,0.09406961748352077,1.432074208997863,-0.05522860514605216
1.4000000000000001,11,4.251653248492894,0.3037553337863811,0.1947091711543253,0.23026524850072128,1.5594256566067837,0.07285034811390222,4.251965622024258,0.27353056467547837,0.16322330449981653,0.11959560357312161,1.4230078927628824,-0.01273678376716816,4.221501825856169,0.2785810513803133,0.01966759849330422,0.15508040150409413,1.2975355153258274,-0.03522460923995832,4.249354329354388,0.2794414184345744,0.132363234623471,0.13441315046751118,1.4605135087406185,-0.018637472112654957,4.249354329354388,0.2794414184345744,0.132363234623471,0.13441315046751118,1.4605135087406185,-0.018637472112654957,4.254139421228647,0.2811376064245406,0.14751544904466768,0.12752507171988142,1.4546912608438731,-0.023921515100416763
1.5,11,4.2818193866200716,0.29948698357693915,0.21748276705561512,0.22511177558816922,1.5666828591722077,0.07228281722744179,4.299080594446339,0.3146459441578533,0.13956562100934017,0.07783731683589165,1.5010557306449621,0.08026116505004048,4.261946755093043,0.2948600690187446,0.09805627888565982,0.22880277644880304,1.2729112581220579,-0.05996472847790761,4.290946605424922,0.31050637237548184,0.17500694650050677,0.16865055708619084,1.480864393138239,0.007407354950610279,4.290946605424922,0.31050637237548184,0.17500694650050677,0.16865055708619084,1.480864393138239,0.007407354950610279,4.302486116455509,0.31260618786543654,0.1798830151193823,0.14812009558004624,1.4941259803069928,0.02007172371184516
1.6,11,4.3115346738469205,0.29473951808092325,0.2397127693021015,0.2193956404725932,1.5738800516653348,0.07165023668442044,4.31133861654153,0.2923550850508609,0.15420598196873705,0.08560650743052038,1.535085262901396,0.10972542291753795,4.282596740853861,0.26909812462706606,0.1616200401051296,0.2749008991896156,1.3164436177645995,-0.0038440131718428874,4.312981925712724,0.2937586376664913,0.19586615804145233,0.17317630241640436,1.5030896039559813,0.03175123835064218,4.312981925712724,0.2937586376664913,0.19586615804145233,0.17317630241640436,1.5030896039559813,0.03175123835064218,4.317624740340259,0.2935560156053522,0.1986972034685676,0.15300466045970895,1.514804297796341,0.041596150017192524
1.7000000000000002,11,4.3407515720528,0.28952053223038826,0.2613436144653296,0.21313113051487642,1.581010757098717,0.07095317576462902,4.340415783555604,0.25500886957190855,0.09603502492643565,0.011963382099348413,1.5849363441811972,0.15263068497265142,4.320083863754006,0.26030434683193476,0.14377736988108578,0.22487294021165072,1.3584717662993542,0.04296128386831713,4.3373283223205075,0.2626330959367729,0.17290132088083396,0.12872170445294118,1.5288277312935374,0.056651134365831454,4.3373283223205075,0.2626330959367729,0.17290132088083396,0.12872170445294118,1.5288277312935374,0.056651134365831454,4.3408862424102885,0.2631285168837859,0.16601041998343458,0.10265776876051763,1.546110357332813,0.06995410223860682
1.8,11,4.369423340433187,0.28383837528937095,0.28232123669751774,0.20633390372741955,1.5880685583187726,0.0701922617758451,4.396663414572854,0.30097563231564384,0.06040332818497567,-0.027889334760888,1.6533207909629426,0.21011491541804267,4.339735515544317,0.28933646151368725,0.15860593101744322,0.2165851965519837,1.4308156987060434,0.11659784552965363,4.371331062405777,0.2958544746708515,0.20564950376035437,0.15023013130485388,1.5567720681182184,0.08076014758697257,4.371331062405777,0.2958544746708515,0.20564950376035437,0.15023013130485388,1.5567720681182184,0.08076014758697257,4.3795023501919745,0.29654588542845434,0.18127881458832737,0.10782341807830347,1.5859236540350543,0.10233601988968898
1.9000000000000001,11,4.39750411027499,0.27770213749684797,0.30259320286801983,0.19902094963726394,1.5950471037807903,0.06936817948929846,4.4244714297955134,0.2882877293861079,0.06726684241817818,-0.0175876800434175,1.6523793848230977,0.18668550364856795,4.371499030211403,0.2931165272552163,0.1945272562499184,0.23180729386706003,1.470956861377033,0.14699483208542416,4.3969156985381375,0.2997706037944527,0.21615949082471214,0.14541356687846088,1.5575454452204343,0.07296634709930402,4.3969156985381375,0.2997706037944527,0.21615949082471214,0.14541356687846088,1.5575454452204343,0.07296634709930402,4.401662926933293,0.29828630600242756,0.19352066782743688,0.10907167064746513,1.579683273011211,0.08678067834867269
2.0,11,4.4249489583367065,0.27112163552429314,0.3221088436188455,0.19121054682112212,1.6019401132648925,0.06848167052342312,4.460629835916651,0.24487106353890276,0.0985989536540231,0.017410149518892637,1.586417723932597,0.09717825037074314,4.388020110968244,0.26642644667510285,0.24199666678136803,0.2574956751526411,1.4986670039648027,0.16075526547078087,4.427004492085605,0.27493692450009216,0.24850173384521765,0.16424027684305706,1.5499458586308643,0.0572116912505335,4.427004492085605,0.27493692450009216,0.24850173384521765,0.16424027684305706,1.5499458586308643,0.0572116912505335,4.433002926051658,0.2710526617676979,0.2270815959249714,0.13119870664606303,1.5570585953116258,0.05583760958421
2.1,11,4.451713978716028,0.264107396771097,0.34081938001166706,0.18292221721845522,1.6087413835278075,0.06753353267645078,4.490695819901634,0.2165573544678593,0.12345621156013788,0.0417299811053789,1.5962505989828422,0.09729929066911168,4.423570230167881,0.2294724277763606,0.2561886752336369,0.24533635105661483,1.531716002137558,0.17861249132672474,4.45147048711266,0.24246610223392512,0.28853607247941593,0.18907990096117092,1.5427661642683603,0.043639121176801174,4.45147048711266,0.24246610223392512,0.28853607247941593,0.18907990096117092,1.5427661642683603,0.043639121176801174,4.46002505715991,0.24161766191494632,0.2677083801484107,0.15832344011393407,1.550377061229115,0.04405655556119001
2.2,11,4.477756353089914,0.2566706425229736,0.3586780454497614,0.17417667733679135,1.6154447938853707,0.06652461920844631,4.511883655403664,0.22148502104581258,0.17788111441151083,0.09447213674887084,1.6540651242229676,0.14776673600280615,4.441021610063895,0.23003643489253311,0.28699037065483995,0.25191502731674964,1.5554875339597856,0.18481566016414885,4.474641153162529,0.24092023028345774,0.3023281021001746,0.18371041725604786,1.5800352363246328,0.07817490794758523,4.474641153162529,0.24092023028345774,0.3023281021001746,0.18371041725604786,1.5800352363246328,0.07817490794758523,4.483495935625502,0.240539000242114,0.2846071208284367,0.15985677971776188,1.594423387356895,0.08267461699895068
2.3000000000000003,11,4.503034419214774,0.24882327000029691,0.37564020257014635,0.16499578647124552,1.6220443117207268,0.06545583807343135,4.557452458409779,0.2292733191979061,0.2974686923915688,0.2100338693768094,1.642916212768881,0.12056503254761787,4.467707048638527,0.24531184030763098,0.26067435699893987,0.1978721895736511,1.5530275295663918,0.16284329630123173,4.501636083505561,0.23088974257516803,0.3088889821753123,0.17131893161357725,1.5774444042209022,0.06725426286448198,4.501636083505561,0.23088974257516803,0.3088889821753123,0.17131893161357725,1.5774444042209022,0.06725426286448198,4.515130739476558,0.23079706564287247,0.30494670326751117,0.16466361450315062,1.5900573261435638,0.06958516789145242
2.4000000000000004,11,4.527507737577179,0.24057783332508634,0.39166345481374176,0.1554024920676661,1.6285339979132782,0.0643281511022868,4.572346231100687,0.27822339855530165,0.3856081965743485,0.2805499253392634,1.6479597950351839,0.11319904909228869,4.504648957403683,0.26833242423881004,0.2796421673294935,0.19701152817475887,1.603284692348572,0.1985264770101736,4.529564433787565,0.26587634957233397,0.35931281951804145,0.20628694429178837,1.5878711729074912,0.07114194774312442,4.529564433787565,0.26587634957233397,0.35931281951804145,0.20628694429178837,1.5878711729074912,0.07114194774312442,4.541037915893658,0.2658465173929717,0.3717470220895501,0.21266619698628025,1.5962190797999047,0.06947699867918582
2.5,11,4.551137156088441,0.23194752343708966,0.40670775239468687,0.1454207723659709,1.6349080121834922,0.06314257313717014,4.608271984473562,0.3128549581228187,0.43565713833021324,0.3036950784654681,1.7149795010303392,0.1718142805918227,4.526641112871075,0.25086247698379693,0.3351567390806617,0.23469948756890052,1.6009084138380256,0.17513404776492694,4.554710911382773,0.26511738327386986,0.4191471474893212,0.2475446730691498,1.6195977340870784,0.09704257084177746,4.554710911382773,0.26511738327386986,0.4191471474893212,0.2475446730691498,1.6195977340870784,0.09704257084177746,4.567737641862511,0.27134476281620706,0.43256326794103733,0.2505707368658892,1.6320792654163714,0.09819002911595455
2.6,11,4.573884872719618,0.22294614699109294,0.42073549240394825,0.13507557646703494,1.6411606183487588,0.06190017111822587,4.64124635481218,0.27200131030193164,0.4274352267721951,0.2629900849874006,1.6924437454689016,0.1299218670659988,4.563025188475884,0.24175657555653754,0.34103256035805474,0.21614176527324175,1.6009412665799028,0.15669612121180634,4.568574896388453,0.2217745941720227,0.43082828717437427,0.23375534570583492,1.6465927714485848,0.11528033222186587,4.568574896388453,0.2217745941720227,0.43082828717437427,0.23375534570583492,1.6465927714485848,0.11528033222186587,4.580905975484361,0.23266266924041581,0.4357378646789147,0.22988264425012286,1.6493919870565326,0.10635728247080609
2.7,11,4.595714495976687,0.21358810426921856,0.4337116127970085,0.12439276197293174,1.6472861894855675,0.06060206312341139,4.6850157734012745,0.2746316322745606,0.3817483612452685,0.18687962942312536,1.7427593486795485,0.16938380695055666,4.58655430875811,0.23517911589948706,0.3906556567099129,0.24575551486734212,1.6442148719693437,0.1858817431338433,4.587942873810912,0.18378257324981728,0.45913963777683126,0.2389739696629935,1.6894451181198884,0.1483994378675151,4.587942873810912,0.18378257324981728,0.45913963777683126,0.2389739696629935,1.6894451181198884,0.1483994378675151,4.603163225353832,0.20052266850273703,0.4509413399022586,0.2226802005430407,1.6929496045365444,0.1384795842788027
2.8000000000000003,11,4.616591103119175,0.20388836614354564,0.4456036800307177,0.11339903035639433,1.6532792129933584,0.05924941736230238,4.700845600958447,0.2051361045111076,0.46351630098238095,0.2537259113058157,1.7460979890351718,0.15497206930489488,4.596996391928428,0.1567699545607103,0.38510186191313206,0.21382724100064865,1.627296826981295,0.1482555602369613,4.608167370514704,0.17188309730546752,0.4937873276333673,0.250366128401414,1.6939811445166675,0.1374803062929007,4.608167370514704,0.17188309730546752,0.4937873276333673,0.250366128401414,1.6939811445166675,0.1374803062929007,4.623422867097037,0.18121593613310558,0.49813007857681596,0.24639400655920968,1.6986924523517666,0.13032918028539836
2.9000000000000004,11,4.636481296029093,0.19386245012590805,0.45638197013026055,0.10212186022103929,1.659134295555492,0.05784345112478299,4.705809734570402,0.14122934619189187,0.4763072934190696,0.24036601783162495,1.8228412679466535,0.22000680910913312,4.613383030816637,0.1445547252621055,0.4288928505223689,0.23762167556080832,1.6754843109329705,0.1836812492972696,4.6229529260990905,0.16034252887590617,0.530894629333982,0.26318350727825723,1.74117690729933,0.17299710740810553,4.6229529260990905,0.16034252887590617,0.530894629333982,0.26318350727825723,1.74117690729933,0.17299710740810553,4.6341380644772405,0.16154620750003681,0.534805164792295,0.2575110022272677,1.7503021445258862,0.16893253136568798
3.0,0,4.655353254640799,0.18352639554318614,0.46601954298361314,0.0905894386191684,1.6648461679928683,0.056385429685567125,4.719932669189592,0.14122934619189187,0.500343895202232,0.24036601783162495,1.8448419488575667,0.22000680910913312,4.627838503342848,0.1445547252621055,0.45265501807844966,0.23762167556080832,1.6938524358626974,0.1836812492972696,4.638987178986681,0.16034252887590617,0.5572129800618076,0.26318350727825723,1.7584766180401403,0.17299710740810553,4.638987178986681,0.16034252887590617,0.5572129800618076,0.26318350727825723,1.7584766180401403,0.17299710740810553,4.650292685227244,0.16154620750003681,0.5605562650150216,0.2575110022272677,1.7671953976624548,0.16893253136568798
3.1,0,4.673176787846318,0.17289673787780474,0.4744923096777931,0.07883059059881717,1.6704096900058336,0.05487666516553657,4.734055603808781,0.14122934619189187,0.5243804969853945,0.24036601783162495,1.86684262976848,0.22000680910913312,4.642293975869059,0.1445547252621055,0.4764171856345305,0.23762167556080832,1.7122205607924244,0.1836812492972696,4.655021431874271,0.16034252887590617,0.5835313307896334,0.26318350727825723,1.775776328780951,0.17299710740810553,4.655021431874271,0.16034252887590617,0.5835313307896334,0.26318350727825723,1.775776328780951,0.17299710740810553,4.666447305977248,0.16154620750003681,0.5863073652377484,0.2575110022272677,1.7840886507990237,0.16893253136568798
3.2,0,4.689923381794671,0.1619904823144891,0.4817790927085965,0.06687470715614684,1.6758198548001026,0.053318515350920796,4.748178538427971,0.14122934619189187,0.5484170987685569,0.24036601783162495,1.8888433106793932,0.22000680910913312,4.65674944839527,0.1445547252621055,0.5001793531906114,0.23762167556080832,1.7305886857221513,0.1836812492972696,4.671055684761861,0.16034252887590617,0.6098496815174591,0.26318350727825723,1.7930760395217615,0.17299710740810553,4.671055684761861,0.16034252887590617,0.6098496815174591,0.26318350727825723,1.7930760395217615,0.17299710740810553,4.682601926727251,0.16154620750003681,0.6120584654604752,0.2575110022272677,1.8009819039355925,0.16893253136568798
3.3000000000000003,0,4.705566245507958,0.1508250765355968,0.48786167891332954,0.054751671773260374,1.6810717935925357,0.05171238247138102,4.7623014730471604,0.14122934619189187,0.5724537005517194,0.24036601783162495,1.9108439915903064,0.22000680910913312,4.671204920921481,0.1445547252621055,0.5239415207466922,0.23762167556080832,1.7489568106518782,0.1836812492972696,4.687089937649452,0.16034252887590617,0.6361680322452848,0.26318350727825723,1.8103757502625721,0.17299710740810553,4.687089937649452,0.16034252887590617,0.6361680322452848,0.26318350727825723,1.8103757502625721,0.17299710740810553,4.698756547477255,0.16154620750003681,0.6378095656832019,0.2575110022272677,1.8178751570721614,0.16893253136568798
3.4000000000000004,0,4.720080353741205,0.13941838280854787,0.4927248649942301,0.042491785725060204,1.686160779992715,0.0500597119380981,4.77642440766635,0.14122934619189187,0.5964903023348819,0.24036601783162495,1.9328446725012196,0.22000680910913312,4.685660393447692,0.1445547252621055,0.547703688302773,0.23762167556080832,1.7673249355816052,0.1836812492972696,4.703124190537042,0.16034252887590617,0.6624863829731106,0.26318350727825723,1.8276754610033827,0.17299710740810553,4.703124190537042,0.16034252887590617,0.6624863829731106,0.26318350727825723,1.8276754610033827,0.17299710740810553,4.714911168227259,0.16154620750003681,0.6635606659059287,0.2575110022272677,1.8347684102087303,0.16893253136568798
3.5,11,4.733442487017413,0.12778864941000742,0.49635649551879424,0.030125692341841655,1.6910822342563763,0.04836199104300009,4.816843022001183,0.17935837422967948,0.5585054106591658,0.18470774544811475,1.684141551862883,-0.022923586171811366,4.689478667151612,0.07443961693658327,0.5662802688787645,0.23296811440789025,1.8255460729445185,0.2194454609859221,4.724953412988768,0.11138381926793929,0.5919429593449348,0.1762594633703032,1.7741049458166231,0.10939795623363548,4.724953412988768,0.11138381926793929,0.5919429593449348,0.1762594633703032,1.7741049458166231,0.10939795623363548,4.747698708855486,0.1261948158069608,0.5941705634964718,0.17989257725840585,1.7589154417294415,0.08893257612102094
3.6,11,4.745631268773781,0.11595448143253549,0.4987474933020272,0.017684300416925727,1.6958317274068708,0.046620747620299836,4.863427489386081,0.18505961438023533,0.4404265292492271,0.06458327105329778,1.7660255338306157,0.05112741453223052,4.665221026069533,0.07500061142863586,0.5826625979215138,0.22688535602985394,1.874998177165665,0.24364421079787096,4.7249294094276175,0.09358641412975098,0.5556637060668019,0.12883837156568556,1.7778860999152886,0.10310040795698326,4.7249294094276175,0.09358641412975098,0.5556637060668019,0.12883837156568556,1.7778860999152886,0.10310040795698326,4.750617587221295,0.10714553480797875,0.5402950319156166,0.12149493987795912,1.787320147698166,0.10472211680721173
3.7,11,4.756627199559631,0.10393481102040834,0.4998918820946785,0.005198706950773107,1.7004049852209442,0.044837548671547364,4.839482337989932,0.13352760930310606,0.41571522306037406,0.03717749988281577,1.7596933173429632,0.041064482593856866,4.663368024559383,0.08469142369047565,0.5305273343555779,0.16109684004778546,1.8525945042802512,0.2025235575905359,4.736079614733801,0.11682913202951115,0.5505519277080149,0.11301580104549096,1.707255487675414,0.03193367350918713,4.736079614733801,0.11682913202951115,0.5505519277080149,0.11301580104549096,1.707255487675414,0.03193367350918713,4.7534101713400485,0.11956621342261223,0.5379771811108164,0.10891418185959192,1.7113917731332073,0.034562526091742984
3.8000000000000003,11,4.76641268823138,0.0917488670822257,0.49978680152075255,-0.007299880575322204,1.7047978920752496,0.04301399895543425,4.820454021916722,0.08183493800915742,0.41269919378924935,0.031175650951630374,1.8100015062518549,0.08224431000634483,4.661430934950773,0.06154223291614429,0.508421686433163,0.12703533606222953,1.8920606865987044,0.21964893101860408,4.745820912770082,0.07828682653491703,0.5199134361327272,0.07563441910698329,1.707463741080315,0.029273027495086416,4.745820912770082,0.07828682653491703,0.5199134361327272,0.07563441910698329,1.707463741080315,0.029273027495086416,4.757357837650577,0.08117643543814496,0.5040889265856311,0.07261923769971942,1.7293358506108496,0.04555458752610315
3.9000000000000004,11,4.774972080094612,0.07941614452875925,0.49843251422695944,-0.01978022220168352,1.7090064946501302,0.041151739543619066,4.8252708901884525,0.11349645838299952,0.3687633042842107,-0.011722976093241643,1.7696309550652443,0.03794027250653716,4.665784790018554,0.020997563596433032,0.5835002101160873,0.1839026045542764,1.890313076464102,0.19803024560465415,4.745296473489943,0.07307827633395253,0.5184859126732531,0.0674373574147959,1.6974268424148593,0.01745356713536223,4.745296473489943,0.07307827633395253,0.5184859126732531,0.0674373574147959,1.6974268424148593,0.01745356713536223,4.752930416617383,0.08116979855298913,0.49532711431082965,0.05813406203504413,1.710772810944525,0.02611114307889083
4.0,11,4.782291681948253,0.06695637308525416,0.4958324052262343,-0.03221112357388116,1.7130270054873407,0.03925244634387371,4.800412527765519,0.12706356631214852,0.3528227734372039,-0.02555671632285953,1.7900731709770359,0.05353500977302344,4.6558943894095695,0.02787504027298771,0.5786643506188535,0.16214616931954415,1.879406444990277,0.16926381178132474,4.744065895539085,0.09164931399299708,0.4817246036390331,0.026685191707575606,1.7203325096245663,0.037274911630055335,4.744065895539085,0.09164931399299708,0.4817246036390331,0.026685191707575606,1.7203325096245663,0.037274911630055335,4.742884334268473,0.09958532832135081,0.45559392719675185,0.017965255127218645,1.739418980133254,0.046707851840750984
4.1000000000000005,11,4.788359783990768,0.05438948572807699,0.4919929734369684,-0.04456151391237308,1.7168558063985042,0.03731782859187952,4.812803641234349,0.08399271287443005,0.38324268055024313,0.006207037938290777,1.788254045392379,0.046625971139292836,4.677869923577047,0.03584688489649534,0.5772250191103835,0.14514098847551862,1.868274741485224,0.14223683785621677,4.763086565032975,0.04915874028532365,0.45408994783922485,-0.0025043673455508765,1.6994143795955767,0.013534996063996864,4.763086565032975,0.04915874028532365,0.45408994783922485,-0.0025043673455508765,1.6994143795955767,0.013534996063996864,4.776191278217842,0.061582427659390516,0.43473256089241047,0.00013710263827462765,1.7139798853305492,0.022218286831148546
4.2,11,4.793166678553349,0.0417355867962065,0.4869238154390976,-0.05680052367327178,1.7204894517212368,0.0353496273130305,4.80524440517587,0.07995158149424358,0.4126137363120208,0.03463719838930546,1.7155718467671472,-0.02985743871136596,4.679905981536641,0.05807666744348516,0.578692087376285,0.13223926215025017,1.787141502870284,0.04794190167647171,4.774808566025978,0.06526432630912611,0.4819767707460336,0.02531952876353431,1.651108316037796,-0.035571510536648684,4.774808566025978,0.06526432630912611,0.4819767707460336,0.02531952876353431,1.651108316037796,-0.035571510536648684,4.7825057177365435,0.05165783287186192,0.4474192375881932,0.011382736643405328,1.6555180132330083,-0.031200425990875944
4.3,11,4.796704675630112,0.029014919828579098,0.48063760148765,-0.06889756170612818,1.7239246714200118,0.03334961375562802,4.800734596399456,0.056316414299942726,0.39719030883774403,0.015525470194959267,1.6645446049238983,-0.07847018239713188,4.693441495087091,0.12052077657118998,0.5341090547971179,0.07374493974700297,1.74415667937467,-0.0004052365855182066,4.769679167387603,0.04872768132989033,0.43258346173829854,-0.027223159398536586,1.6294075098136342,-0.05393090596678869,4.769679167387603,0.04872768132989033,0.43258346173829854,-0.027223159398536586,1.6294075098136342,-0.05393090596678869,4.769679599621418,0.03371171583549601,0.39802685011570227,-0.03621818318684934,1.630355729781754,-0.05231213206453452
4.4,11,4.798968115180466,0.016247835178745267,0.47315004384370724,-0.0808223917158759,1.7271583740289709,0.031319587796876845,4.812905904531276,0.075366568423167,0.4344934798859491,0.052397906614644996,1.679455401710893,-0.05499825399248657,4.706334858660419,0.06965389897773963,0.5434454939040351,0.07576844840208219,1.7526527476708444,0.008399223550301718,4.774430330853636,0.036347318095495476,0.4792353701143267,0.0237003698074623,1.6451979659937481,-0.03208264449187055,4.774430330853636,0.036347318095495476,0.4792353701143267,0.0237003698074623,1.6451979659937481,-0.03208264449187055,4.777245568305493,0.036932687300444265,0.45191488758521786,0.01753282134142859,1.649477117858129,-0.029345636497180593
4.5,11,4.799953376183973,0.0034547574586455652,0.46447985750193466,-0.09254520783782172,1.730187649434034,0.029261376323117268,4.842972697012864,0.07259872656852058,0.37679281487425714,-0.013499045959456127,1.7332151734472583,0.007044939375612319,4.704262213979896,0.040210448456049194,0.5598360449113302,0.08499616007151481,1.7682536854880304,0.023853606990205826,4.78030070039014,0.026662063572501574,0.4937119443817007,0.036375586484575506,1.6567327830049126,-0.016647037466177565,4.78030070039014,0.026662063572501574,0.4937119443817007,0.036375586484575506,1.6567327830049126,-0.016647037466177565,4.790847973621458,0.025953944435194706,0.4632834980045794,0.027820002233377873,1.667668247299823,-0.008183121575753731
4.6000000000000005,11,4.799658882433204,-0.009343847136412562,0.45464871341284074,-0.1040367091367857,1.7330097714918067,0.027176831585750506,4.848922072324797,0.03820694283615463,0.395804992930607,0.00805962543540958,1.7653252622187847,0.040296100887296654,4.719123519774133,0.024644111752276168,0.5514967861470583,0.0671677397642489,1.7949630060559187,0.04960697744790327,4.788724224445352,-0.017415663620753023,0.5053061074129189,0.044799765004818796,1.6482393134693742,-0.02387709935079738,4.788724224445352,-0.017415663620753023,0.5053061074129189,0.044799765004818796,1.6482393134693742,-0.02387709935079738,4.803706181621305,-0.014109299718747019,0.4815691385642684,0.04428718669343765,1.6655068849227266,-0.008128764979647122
4.7,11,4.798085105055339,-0.022127503569299965,0.4436811843166876,-0.11526817284417828,1.7356222004829245,0.025067829534337678,4.844428400271085,-0.026514400947907114,0.3779580674596324,-0.01184559720112099,1.736107460244748,0.0048164937249724,4.7338050952735395,0.005185988938217968,0.5221107112310761,0.02864098484795133,1.7924435585880194,0.041624623417991384,4.793661290390027,-0.026783929133786487,0.47225691861100283,0.004750932345444013,1.6420512071805422,-0.027932650183978232,4.793661290390027,-0.026783929133786487,0.47225691861100283,0.004750932345444013,1.6420512071805422,-0.027932650183978232,4.811859546095654,-0.028622158755645177,0.44827472829036563,0.009246574410788508,1.6588388095347206,-0.013542854441449197
4.800000000000001,11,4.795234561758461,-0.03487576071675897,0.43160468332443674,-0.12621152614996448,1.738022585397629,0.022936268128371684,4.8375346637470455,-0.0383734813015473,0.39400565109154223,0.006638087184401467,1.665329375521808,-0.07161871270927356,4.73957643602031,0.02815078801677227,0.510483096993811,0.013096763871586595,1.8086246008249265,0.05451609216945676,4.790917299339197,-0.026108161172049792,0.465432512305464,-0.0030787173339345882,1.6317633341420472,-0.03597157873783245,4.790917299339197,-0.026108161172049792,0.465432512305464,-0.0030787173339345882,1.6317633341420472,-0.03597157873783245,4.80663806839029,-0.03143177730575797,0.44771740079884903,0.007347123323603701,1.6366005138602322,-0.034260560105548635
4.9,11,4.791111812803761,-0.0475682240868365,0.41844939539924875,-0.13683941637006786,1.7402087660515182,0.020784065629241805,4.823409529329759,-0.04823177403451828,0.3382318288236343,-0.05407852322935185,1.6452691736271894,-0.08549496693503791,4.756533621810621,0.023355103626361135,0.4538111425615159,-0.049280909111718105,1.796571124713606,0.03568380903565651,4.7822685392409205,-0.026483333636002228,0.4357462880959196,-0.034684473116346155,1.6239112431218425,-0.04054911173616709,4.7822685392409205,-0.026483333636002228,0.4357462880959196,-0.034684473116346155,1.6239112431218425,-0.04054911173616709,4.795594500610235,-0.03093274632353377,0.4126130170816176,-0.028677769099215992,1.629266755388713,-0.03875816242194059
5.0,11,4.785723453710094,-0.06018458844572171,0.40424820190979505,-0.14712527931383645,1.7421787750295663,0.018613158873927966,4.805253530153386,-0.07634087283253775,0.3270216400854811,-0.060329209031855256,1.645259368350086,-0.07629540936470208,4.744688864455348,-0.037565332640326146,0.4206753297699862,-0.07966825552894471,1.7771307442341717,0.010897149349275069,4.772447543986118,-0.030240620647664314,0.4096890131658056,-0.059018750549779196,1.6341086070547985,-0.02519555632556103,4.772447543986118,-0.030240620647664314,0.4096890131658056,-0.059018750549779196,1.6341086070547985,-0.02519555632556103,4.780042420314357,-0.03893579298026331,0.38428513543363857,-0.05492561676863349,1.6374599579625833,-0.02697130007993957
5.1000000000000005,11,4.779078104702556,-0.07270467030178801,0.3890365984439605,-0.15704340568068487,1.7439308394566648,0.016425501531978096,4.80416125863478,-0.07360804049959915,0.35931909471608164,-0.01902874054889859,1.6821951539627449,-0.028276864308898496,4.748537750064268,-0.05202200359301616,0.43331492008154815,-0.057465117231838156,1.79561800849138,0.02964277673902494,4.774547616446082,-0.027239523405367647,0.4096405483007715,-0.05271177912826243,1.653381688331014,-0.0017142806720548964,4.774547616446082,-0.027239523405367647,0.4096405483007715,-0.05271177912826243,1.653381688331014,-0.0017142806720548964,4.783960801981769,-0.0365206027220653,0.38952735093660346,-0.04334824156226805,1.655853693615254,-0.005897272953236627
5.2,11,4.771186396921959,-0.08510844019487379,0.37285260608836,-0.1665690053199561,1.7454633825930899,0.014223062347337567,4.799734334206476,-0.1090961617413756,0.37127634403878196,-0.004102981019892548,1.6651699819613963,-0.043565924136737065,4.713622168043006,-0.1642286532937849,0.4282318811794664,-0.05675063327581422,1.7745954638423225,0.0038117266030380376,4.7551300207552805,-0.11946572691567539,0.39403125959582286,-0.06384473599045956,1.6778002317993255,0.02476629182830634,4.7551300207552805,-0.11946572691567539,0.39403125959582286,-0.06384473599045956,1.6778002317993255,0.02476629182830634,4.764052182184032,-0.1171914126032936,0.37805813915107617,-0.04970605444325988,1.668477289010788,0.008262519354292501
5.300000000000001,11,4.762060955417276,-0.09737605473914682,0.355736676395422,-0.17567826919338855,1.7467750252534626,0.01200782336661231,4.7817150057720905,-0.12138289662310896,0.3888779449053912,0.015274187819275854,1.6454214482766327,-0.060124547149915046,4.699484580369455,-0.14795732573807108,0.4305678469697175,-0.04813238241496043,1.737496965986319,-0.03650883620363839,4.734127471365387,-0.14199939949597218,0.3850542836497024,-0.06663374539933876,1.6577321515418555,0.000512733554617506,4.734127471365387,-0.14199939949597218,0.3850542836497024,-0.06663374539933876,1.6577321515418555,0.000512733554617506,4.739328040937992,-0.14115739741482414,0.37864775044513654,-0.044936685620209034,1.6469002289420687,-0.013343190190068317
5.4,11,4.7517163789482595,-0.10948788836828754,0.3377315902755753,-0.18434842888531144,1.7478645870479217,0.0097817781553609,4.794241669876277,-0.08381752086879096,0.3124844056439471,-0.06845013563595477,1.7087733403473855,0.014405889235606865,4.700353136930398,-0.08041593690937109,0.4477586318013784,-0.024489552663458654,1.7553079979624453,-0.01344848878890013,4.735552597472151,-0.09441683326100045,0.37225398360527584,-0.07322773434481358,1.7119817879291837,0.058747660218355854,4.735552597472151,-0.09441683326100045,0.37225398360527584,-0.07322773434481358,1.7119817879291837,0.058747660218355854,4.750297864128349,-0.09249976309622605,0.36344893592422856,-0.054501617115908584,1.7077364149427086,0.0470786881502922
5.5,11,4.740169216630535,-0.1214245647322095,0.3188823510672518,-0.19255781351182685,1.7487310874443953,0.007546930004019879,4.752959670969313,-0.18911185563209282,0.3040133278980832,-0.07019507028646989,1.7008859223029367,0.004395975262826266,4.664915480061404,-0.1850892406323975,0.41665830060179776,-0.05523543538814457,1.7361699463230866,-0.03254243131524639,4.730494084158661,-0.11811725083287905,0.3604348595486114,-0.07805278251146557,1.6942285172558276,0.03339233882165267,4.730494084158661,-0.11811725083287905,0.3604348595486114,-0.07805278251146557,1.6942285172558276,0.03339233882165267,4.738425850639494,-0.12530574099446445,0.35285346196761275,-0.05898688705067221,1.6872413253586962,0.022111655408396356
5.6000000000000005,11,4.727437941460545,-0.1331669876950857,0.29923607205197805,-0.2002859038867335,1.7493737466510135,0.0053052901250777015,4.731733588066513,-0.19718999780332533,0.30534721515905855,-0.06124193947268418,1.7562311069063479,0.0632435390752917,4.636487203924365,-0.17973645457935886,0.4213571428754443,-0.044279127780151986,1.7127714163261125,-0.054132988303661755,4.704632270430553,-0.16204450734921594,0.3530296978672989,-0.07762393935306969,1.7256839818314513,0.06352718971715497,4.704632270430553,-0.16204450734921594,0.3530296978672989,-0.07762393935306969,1.7256839818314513,0.06352718971715497,4.704592485249018,-0.16966756615149609,0.3467821976438456,-0.060010982378302886,1.72944675977381,0.062033248000046906
5.7,11,4.713542920762704,-0.14469637188509196,0.2788418586957083,-0.2075133838088056,1.749791986317869,0.0030588758431193274,4.71707550694452,-0.17221883062560844,0.3450362459999932,-0.012193021314079129,1.7281138206327478,0.026369357039380405,4.619971840666135,-0.16983404162928187,0.40059936326034845,-0.061762339357939344,1.6788045471141058,-0.08470323834084523,4.690210396311388,-0.16009850980252782,0.33946741994809093,-0.08383345715433607,1.7035346989180153,0.033012150352775146,4.690210396311388,-0.16009850980252782,0.33946741994809093,-0.08383345715433607,1.7035346989180153,0.033012150352775146,4.690951825708569,-0.16260451800035797,0.3440580703958114,-0.05662558136912406,1.7030594067720444,0.02993581026004416
5.800000000000001,11,4.698506383606013,-0.15599427274699515,0.2577506859107319,-0.21422218834223689,1.7499854300574915,0.0008097087793700377,4.714375019875726,-0.14460629354726867,0.33533430751790805,-0.021266368014485722,1.7276571315408729,0.02306029966936324,4.615654672568944,-0.1635984887401434,0.36512050111014427,-0.09310553197296087,1.6416569826221565,-0.11537749291725742,4.673207450595713,-0.1561399169261282,0.3225596062400221,-0.09295154855141956,1.696754008230316,0.022228165015707315,4.673207450595713,-0.1561399169261282,0.3225596062400221,-0.09295154855141956,1.696754008230316,0.022228165015707315,4.674487963603042,-0.15567065821496456,0.3283167700297948,-0.06635764150749478,1.6984527111555487,0.02263399322237029
5.9,11,4.682352385242301,-0.1670426160495065,0.23601527064494113,-0.22039554896957153,1.7499539037835727,-0.0014401869676269486,4.70942691636538,-0.1389111196119604,0.2681732802957475,-0.09077744684681426,1.758499140507269,0.05356057303176866,4.595206177685755,-0.19184958519684858,0.367018394825217,-0.08112554366410599,1.6323276498374426,-0.11301705849294064,4.658917404475433,-0.18432846357213456,0.30560009725039367,-0.10114348394121456,1.7011264999066447,0.024525814606482885,4.658917404475433,-0.18432846357213456,0.30560009725039367,-0.10114348394121456,1.7011264999066447,0.024525814606482885,4.667209396699565,-0.1774021104485267,0.30294347321933823,-0.08391825407610079,1.707650931784651,0.02881453106886716
6.0,11,4.665106768622946,-0.17782372680019606,0.2136899401169149,-0.2260180355042653,1.749697435867631,-0.0036887866435627915,4.6936469131223815,-0.14718509053464457,0.316971882055747,-0.028953022834748647,1.687167469466503,-0.028358465140236586,4.569334351826134,-0.24099617758854924,0.3311521292817381,-0.11077249467473205,1.6251994642638479,-0.10855883846009157,4.633817309060715,-0.20340288808472679,0.29383942251822576,-0.1029021156420408,1.6762518969103717,-0.004665513849874611,4.633817309060715,-0.20340288808472679,0.29383942251822576,-0.1029021156420408,1.6762518969103717,-0.004665513849874611,4.639113071303717,-0.19418810552846344,0.3029524744537748,-0.07618945473864491,1.673886457112735,-0.007099346044485283
6.1000000000000005,11,4.646797123055672,-0.1883203575217108,0.19083049602616564,-0.23107559465811592,1.7492162571134797,-0.005934066660505056,4.667579890972221,-0.2233203518226361,0.2771945532978008,-0.06833417692090649,1.6625162712408454,-0.05165202596977059,4.548068795563008,-0.2690464780689146,0.2820355962917248,-0.15138932159353186,1.6060310803369542,-0.1174345938840269,4.610431163580133,-0.2277789006122055,0.2577781774363942,-0.13041939543738243,1.7375298766447862,0.06126282920561901,4.610431163580133,-0.2277789006122055,0.2577781774363942,-0.13041939543738243,1.7375298766447862,0.06126282920561901,4.6157943470188485,-0.2269305902126284,0.25714988615221235,-0.11277806183004496,1.7311657227550168,0.05014272526808983
6.2,11,4.627452740067536,-0.19851571584405756,0.16749407507795233,-0.23555558516716457,1.748510800549519,-0.00817400641799035,4.643451006164925,-0.23036438010332388,0.20427885574734486,-0.13887338050811793,1.6959053032771376,-0.010497498435699346,4.529728668611998,-0.25122775958575855,0.2014824511827123,-0.22121540045526336,1.6450026145542562,-0.0632991241855784,4.601976289022679,-0.22248858410698982,0.2346709735207895,-0.14116351222947762,1.746389454203341,0.06418047108096665,4.601976289022679,-0.22248858410698982,0.2346709735207895,-0.14116351222947762,1.746389454203341,0.06418047108096665,4.614033322538644,-0.2216783977457363,0.22367594783644473,-0.13361142545595017,1.7396894286731654,0.05247871839838956
6.300000000000001,11,4.607104566544737,-0.2083934913688148,0.143739006171272,-0.23944680938827262,1.7475817010390395,-0.010406590121428333,4.644962940354355,-0.18781032512984291,0.11393778005169487,-0.2204682578819548,1.75320522927014,0.051775907565788766,4.507739105834705,-0.2882907401318872,0.14411193701557168,-0.2588346955951242,1.6607566090370185,-0.03973018261310439,4.590457255511496,-0.22103084307301538,0.19402047153802632,-0.16948195478258948,1.77146661789574,0.08409432194687066,4.590457255511496,-0.22103084307301538,0.19402047153802632,-0.16948195478258948,1.77146661789574,0.08409432194687066,4.610509218656723,-0.21585094050221218,0.18251436280583122,-0.15999289544140277,1.7655763809726202,0.07152287796167799
6.4,11,4.585785155224201,-0.2179378817622889,0.11962466460699099,-0.24273954128739766,1.7464297947088885,-0.01262980859618079,4.6443878459227275,-0.10882425984557763,0.08681486934946363,-0.22588512541482053,1.7845811820839421,0.07973309489526614,4.4918844258498,-0.2156704462592568,0.10226851846964724,-0.27586611468183786,1.6786286656986154,-0.01641854005651152,4.576692823578819,-0.1714454230271017,0.1490161989216099,-0.19942157476984285,1.7980360009009613,0.10347343983199914,4.576692823578819,-0.1714454230271017,0.1490161989216099,-0.19942157476984285,1.7980360009009613,0.10347343983199914,4.601355605315466,-0.1628953934764713,0.13321646685344637,-0.1914669025139924,1.8001627857437963,0.09703874895921656
6.5,11,4.563528612616141,-0.22713361803587867,0.09521132368051352,-0.24542555074961353,1.7450561181970115,-0.014841661095683176,4.615667355241193,-0.1808758592073815,0.051915149166665515,-0.23902231011272188,1.7575248119955698,0.04235322251144161,4.4691603178338495,-0.2326852379573203,0.0603568501314736,-0.29115226071981337,1.6642166860055978,-0.03004543228821578,4.557942658566421,-0.19370198413412293,0.11907007086541156,-0.2100967264723006,1.8225921595403753,0.11863554479483755,4.557942658566421,-0.19370198413412293,0.11907007086541156,-0.2100967264723006,1.8225921595403753,0.11863554479483755,4.579244611845641,-0.1923371825759875,0.10319606347121175,-0.20168364829306956,1.8219279356067133,0.10815275397891871
6.6000000000000005,11,4.54037054444092,-0.23596598897319865,0.07056000402993338,-0.24749812415011138,1.7434619077195488,-0.01704015710198155,4.585076978753327,-0.16711862403093622,0.004896579677184744,-0.2636896337131371,1.7672915549605503,0.048255772556158594,4.438244536555685,-0.28231500913873153,0.032911536931291376,-0.28937030544899905,1.6453112697753172,-0.04701317050618008,4.536051802643306,-0.20518745184144693,0.09036852260945386,-0.21830468660895835,1.8130607128021443,0.09580505116081497,4.536051802643306,-0.20518745184144693,0.09036852260945386,-0.21830468660895835,1.8130607128021443,0.09580505116081497,4.553715347759718,-0.19759394686730367,0.07546072505429316,-0.2096655907013159,1.8097313566855402,0.08668090104063288
6.7,11,4.516347998667496,-0.2444208646648878,0.045732321116218375,-0.2489520811347653,1.7416485979583243,-0.019223318117064205,4.556665609204979,-0.18682335783414178,-0.010519756428823348,-0.2520017751248849,1.7873001219943179,0.06445797072974588,4.418706020690965,-0.22331520611960773,-0.02332160986653657,-0.3184987637672432,1.6143043189362667,-0.0750846569492066,4.512292560273505,-0.21528209040870835,0.043430707101754465,-0.24509744713694612,1.8031817693340852,0.07503932274264305,4.512292560273505,-0.21528209040870835,0.043430707101754465,-0.24509744713694612,1.8031817693340852,0.07503932274264305,4.525084334183278,-0.21320571628445398,0.03326737826210112,-0.23069333493884567,1.8014121210909133,0.07082867549229646
6.800000000000001,11,4.491499406244569,-0.25248471911345005,0.020790331216645024,-0.24978378756831987,1.7396178207697286,-0.02138917944337658,4.535782874124279,-0.18068259548405752,0.0022655587532319915,-0.21146444990087745,1.743860061378888,0.011220824289260974,4.404816961156344,-0.19629606337465147,-0.013441809923139286,-0.2739657239016233,1.5928955747190865,-0.0899187441543477,4.495493282929747,-0.21096747357840645,0.02972912308706995,-0.23356320355473653,1.8004509637762056,0.06411702407929926,4.495493282929747,-0.21096747357840645,0.02972912308706995,-0.23356320355473653,1.8004509637762056,0.06411702407929926,4.509497680026375,-0.20277373665799003,0.022451963873122364,-0.219019841299136,1.7925307037966642,0.055690406560285906
6.9,11,4.465864519619265,-0.2601446518719649,-0.004203623683574531,-0.2499911646178355,1.7373714037161576,-0.023535791951916185,4.496647092873636,-0.24292718466020166,-0.0033334178625124104,-0.19487160876058604,1.8055643042050695,0.0758763771551001,4.377032316854325,-0.2348312950098816,0.007840551531883427,-0.22201374067682852,1.6008826773372093,-0.07179814330415438,4.464168439114578,-0.24915376727545355,-0.012823709809563585,-0.2540504414364173,1.809484907085285,0.06691557787961756,4.464168439114578,-0.24915376727545355,-0.012823709809563585,-0.2540504414364173,1.809484907085285,0.06691557787961756,4.4728407371579015,-0.24758258189530505,-0.016130613811128968,-0.23565654185363394,1.8086958782832097,0.06638266816461916
7.0,11,4.439484349141701,-0.26738840868205055,-0.029187071713790043,-0.24957369394868828,1.7349113684213313,-0.025661223836317363,4.469216980599601,-0.26106950871718465,0.01780963657070091,-0.15150712389627088,1.8313169108217693,0.09526378411271566,4.358323670263148,-0.21471756646804385,-0.010843503049317678,-0.21825971804924751,1.6508546371402064,-0.010800257235567434,4.433901961738933,-0.26989698683921004,-0.005848044331962184,-0.2194906247685065,1.8315323726121635,0.08330488381002721,4.433901961738933,-0.26989698683921004,-0.005848044331962184,-0.2194906247685065,1.8315323726121635,0.08330488381002721,4.439901282956031,-0.2720802194661049,0.004553137391809459,-0.1928094138320352,1.8326316296552088,0.08377067265071086
7.1000000000000005,11,4.412401097457171,-0.2742044010780632,-0.05409756726505441,-0.24853241902013654,1.7322399287509673,-0.02776356235134653,4.443405266114387,-0.27704165363394434,-0.05759750187733576,-0.21582190905914062,1.8210991019849392,0.07418979675332238,4.331710163236447,-0.29891690582940933,-0.03199376701944821,-0.21753850029588226,1.6558233092741117,-0.004344170662482557,4.40046625347826,-0.3036669371099429,-0.05519399593261974,-0.2487327347539308,1.8161577186348594,0.058003165175870425,4.40046625347826,-0.3036669371099429,-0.05519399593261974,-0.2487327347539308,1.8161577186348594,0.058003165175870425,4.4070013231579885,-0.3017883426242992,-0.05012496044920063,-0.2278225718025934,1.8152595750442215,0.058870636889623476
7.2,11,4.384658091990918,-0.2805817249261702,-0.07887284707162433,-0.24686994247721622,1.7293594888204524,-0.029840915534243697,4.4371633542701945,-0.24709506984027285,-0.146469894241173,-0.28764746042427647,1.8575439534897062,0.10517200817241833,4.309357994688288,-0.2851333162959826,-0.07236251855359876,-0.23740804348648983,1.6270644083917944,-0.034577720616916115,4.379367777870826,-0.28091646706363055,-0.0921429253472904,-0.2616222881679839,1.8170810679995058,0.05279749113774666,4.379367777870826,-0.28091646706363055,-0.0921429253472904,-0.2616222881679839,1.8170810679995058,0.05279749113774666,4.39316628746648,-0.2753700534065583,-0.10029587389111855,-0.2535449332056595,1.8169180861142973,0.05354798637911509
7.300000000000001,11,4.356299715633496,-0.28651017786863753,-0.1034509858367001,-0.2445904196454835,1.7262726408313003,-0.03189141390736144,4.400873891769739,-0.33791822291365353,-0.08199454291570223,-0.18811921891964256,1.893211205157438,0.1320181870757361,4.298439633720523,-0.2563507775183854,-0.07633415627041498,-0.21630563747853737,1.5929822279455574,-0.06726744960343847,4.357546419056826,-0.2998322709722476,-0.06989787481711057,-0.20995040530391598,1.784732735819,0.012631759139031369,4.357546419056826,-0.2998322709722476,-0.06989787481711057,-0.20995040530391598,1.784732735819,0.012631759139031369,4.369987769112627,-0.3052251110187043,-0.06328346217514585,-0.19332763490119279,1.791959227908026,0.02375367357081673
7.4,11,4.327371335737613,-0.2919802756454266,-0.12777055101341583,-0.24169954814486522,1.7229821627383448,-0.0339132121605684,4.370849084820253,-0.3178311616640622,-0.11771224854677967,-0.20616568141535235,1.888299045317081,0.11268200961375796,4.273867471369592,-0.27047143762541426,-0.07842314997313458,-0.19544554507649797,1.5845724274644704,-0.06906406541267895,4.331037165277533,-0.2762658021729574,-0.11380897334218962,-0.23441267144504965,1.7584600046891206,-0.01676206970791434,4.331037165277533,-0.2762658021729574,-0.11380897334218962,-0.23441267144504965,1.7584600046891206,-0.01676206970791434,4.344217126688075,-0.2830949713525614,-0.10860209839407244,-0.21814767463351603,1.7639457432118086,-0.005587454598950329
7.5,0,4.297919231540044,-0.2969832672669865,-0.15177075635421466,-0.23820455364857618,1.7194910157497696,-0.035904490811903986,4.339065968653847,-0.3178311616640622,-0.13832881668831482,-0.20616568141535235,1.8995672462784567,0.11268200961375796,4.246820327607051,-0.27047143762541426,-0.09796770448078432,-0.19544554507649797,1.5776660209232025,-0.06906406541267895,4.303410585060238,-0.2762658021729574,-0.13725024048669449,-0.23441267144504965,1.7567837977183292,-0.01676206970791434,4.303410585060238,-0.2762658021729574,-0.13725024048669449,-0.23441267144504965,1.7567837977183292,-0.01676206970791434,4.315907629552819,-0.2830949713525614,-0.13041686585742396,-0.21814767463351603,1.7633869977519137,-0.005587454598950329
7.6000000000000005,11,4.267990520124723,-0.3015111490139707,-0.17539161384481014,-0.23411417182269906,1.7158023416622183,-0.03786345784498932,4.320514507276792,-0.2667094879990304,-0.21683515382294188,-0.26682679979992613,1.8887927425079372,0.08958405734144415,4.2266105342806375,-0.2857101248914728,-0.09496921178133615,-0.1718232974986574,1.620274718625912,-0.01717853101493652,4.278179118989531,-0.2746766178623469,-0.19896135793221326,-0.2745146093185061,1.7642652835189792,-0.007165971899953626,4.278179118989531,-0.2746766178623469,-0.19896135793221326,-0.2745146093185061,1.7642652835189792,-0.007165971899953626,4.294060007050086,-0.2740912952995569,-0.19601855844159882,-0.25919446593210277,1.7701534230053444,0.0014608065432707047
7.7,11,4.237633081045465,-0.3055566772414805,-0.1985740836429801,-0.22943862649156896,1.7119194600333925,-0.03978835032172086,4.297388346819151,-0.29284067161290184,-0.2643814033272346,-0.2884488595996662,1.8723206866502133,0.06322907716252832,4.209240262184754,-0.25067449575450823,-0.15853789658279385,-0.2198960178281927,1.6003202854451637,-0.03607809777205985,4.251936807676781,-0.29010785037470793,-0.2102054033440478,-0.25771797693185433,1.7451149208718688,-0.026269892664034414,4.251936807676781,-0.29010785037470793,-0.2102054033440478,-0.25771797693185433,1.7451149208718688,-0.026269892664034414,4.269832004814375,-0.28724165850800487,-0.21633865534912233,-0.25339786401718495,1.7511710138767562,-0.017083709132671893
7.800000000000001,11,4.206895479728888,-0.309113379967352,-0.22126022164742642,-0.2241896040835367,1.7078458651946709,-0.04167743596879595,4.248698376000509,-0.289453503543145,-0.27215778834582416,-0.26672821101920635,1.8631146370081733,0.047219441425322625,4.171147599816975,-0.2797810618754899,-0.1632564000115213,-0.20209031542005226,1.5911444145717004,-0.04181851085046781,4.218202930866475,-0.26962272520007985,-0.24960877813976054,-0.2717715015117612,1.7130832707963497,-0.056584735938340514,4.218202930866475,-0.26962272520007985,-0.24960877813976054,-0.2717715015117612,1.7130832707963497,-0.056584735938340514,4.231048922152664,-0.268787999354165,-0.2560064765250869,-0.26800859351822415,1.721734818308704,-0.04281685580063025
7.9,11,4.175826889780093,-0.31217556722594647,-0.24339332432784988,-0.21838022442098443,1.703585223106449,-0.043529014736641634,4.221021739719909,-0.26632257305656626,-0.2585687719081444,-0.22525909334005767,1.8725447749454711,0.05206881379535743,4.1497040892742305,-0.2664282978589908,-0.18564198778949015,-0.20433213725929858,1.5806503974506256,-0.04831995172238297,4.192260670042407,-0.261404194241816,-0.23775773281200502,-0.2315730175372342,1.712528165429696,-0.05132833954647638,4.192260670042407,-0.261404194241816,-0.23775773281200502,-0.2315730175372342,1.712528165429696,-0.05132833954647638,4.2014869309359275,-0.2627197904947668,-0.233088391797918,-0.22244769212771717,1.7290477227253909,-0.03214783395665003
8.0,11,4.144477014315386,-0.3147383401708821,-0.2649180704542467,-0.212025007927602,1.6991413680590217,-0.04534142032934472,4.186627231978437,-0.27155893579509677,-0.3322864698081508,-0.2780910801238826,1.8585929012331222,0.032296207208190084,4.134387829196946,-0.26709315931079797,-0.25595052088057996,-0.2558054748267467,1.5640717475572745,-0.060442972315419286,4.161478671388354,-0.2974903788245504,-0.3180106222186755,-0.29049796266600497,1.7042234769974751,-0.05460182106633598,4.161478671388354,-0.2974903788245504,-0.3180106222186755,-0.29049796266600497,1.7042234769974751,-0.05460182106633598,4.1726907357637275,-0.2883934780075893,-0.3189646137451485,-0.2815454487269382,1.7176043148712958,-0.039504270389050154
8.1,11,4.112896006447894,-0.31679759891214254,-0.28578065937117186,-0.2051398393348902,1.6945182992219803,-0.047113021704205435,4.17839966426363,-0.26188192838153573,-0.4151027027669486,-0.3350765197298146,1.8783227145909085,0.049389824297179905,4.1185565351270865,-0.20781844548242367,-0.32728189302964983,-0.30320171410463,1.5466528764198721,-0.07222662934143369,4.140532517546022,-0.2775335222959078,-0.35377927347247756,-0.29745845924653364,1.7086209734580629,-0.04438961406234591,4.140532517546022,-0.2775335222959078,-0.35377927347247756,-0.29745845924653364,1.7086209734580629,-0.04438961406234591,4.156428937470464,-0.27715386569232164,-0.3579443972878319,-0.2898486588452529,1.725680804358953,-0.027287301433440207
8.200000000000001,11,4.081134389053281,-0.31835004907502706,-0.30592894547135985,-0.19774192797860407,1.6897201770452304,-0.04884222453956594,4.141480813552872,-0.27713674036212993,-0.46827101087962886,-0.3555403505200943,1.7946642918723954,-0.04282695089733718,4.086716249431891,-0.24760427900162219,-0.39520929134127913,-0.34234526670678256,1.5186353791686937,-0.0938709716132292,4.104759439112423,-0.2758745044267461,-0.361462676111355,-0.27449472380391793,1.6716610376596892,-0.07823913120801156,4.104759439112423,-0.2758745044267461,-0.361462676111355,-0.27449472380391793,1.6716610376596892,-0.07823913120801156,4.115125334010735,-0.27917471781647285,-0.3674563804367289,-0.27372348676233954,1.6800129146929814,-0.06963776738201866
8.3,11,4.04924297394393,-0.3193932070704466,-0.32531256853258383,-0.1898497647843769,1.6847513195148678,-0.050527472669592066,4.0995209722022965,-0.35323636491060245,-0.4341903308690817,-0.28270085952383606,1.8006229413521895,-0.03211427224428966,4.04656944547154,-0.2588925260602339,-0.4386278992982566,-0.35195202399100983,1.50225907344901,-0.10118184225297203,4.068298005197835,-0.30457490761824657,-0.36042104808279096,-0.24469238671031032,1.6696241153890385,-0.07218580755261511,4.068298005197835,-0.30457490761824657,-0.36042104808279096,-0.24469238671031032,1.6696241153890385,-0.07218580755261511,4.072932465666995,-0.3115185262925052,-0.3578684218444333,-0.24089276730898068,1.6806824587008369,-0.06315224539085534
8.4,11,4.017272780580877,-0.31992540406813713,-0.34388307959198705,-0.18148307605003497,1.6796161982672815,-0.052167249484717675,4.05584040814968,-0.3507331015280808,-0.42791304295314825,-0.24639151789465139,1.7866754822908186,-0.04339785776934808,4.009614410776925,-0.31333117384778386,-0.5017277448312281,-0.3812798456787065,1.497249573320531,-0.09581260762304071,4.032653226230589,-0.3272007516036161,-0.38076210814005257,-0.24035366481020348,1.6636020262866673,-0.07092829303510498,4.032653226230589,-0.3272007516036161,-0.38076210814005257,-0.24035366481020348,1.6636020262866673,-0.07092829303510498,4.035063836978839,-0.32981764640709876,-0.3703675379475513,-0.2307762156284441,1.6784920521469031,-0.05958065764122192
8.5,11,3.985274954453557,-0.3199457886664315,-0.36159406204325606,-0.17266277414012687,1.6743194345649846,-0.053760079296490716,4.0156258581337285,-0.3318433806197487,-0.41038900105146486,-0.2018888727659088,1.754897321308057,-0.07235866855704111,3.9731655176243996,-0.3112994283166652,-0.48079950481956235,-0.3189468491709451,1.5172473907527653,-0.06459231558896708,3.992683346698238,-0.31755801768729675,-0.39211973903413444,-0.22697249705535205,1.6937166057224908,-0.03165640771693292,3.992683346698238,-0.31755801768729675,-0.39211973903413444,-0.22697249705535205,1.6937166057224908,-0.03165640771693292,3.9914915372992628,-0.3195262554268129,-0.3766482909016891,-0.2173770491546896,1.701011386511437,-0.032411504504525276
8.6,11,3.9533006852579358,-0.319454328254321,-0.3784012476539641,-0.16341090521590299,1.6688657951377877,-0.055304528665593405,3.954013718291025,-0.35622334107202036,-0.4390701319275425,-0.21088480381369554,1.7171858121470052,-0.10464186599528774,3.942687217609701,-0.3766113186811564,-0.48754140951841607,-0.29230222059280364,1.5097120522358347,-0.06573224803215576,3.9541895569813525,-0.35237613015225133,-0.40315892293001787,-0.2146229742295439,1.6717507823442954,-0.05157165678304676,3.9541895569813525,-0.35237613015225133,-0.40315892293001787,-0.2146229742295439,1.6717507823442954,-0.05157165678304676,3.948441504371399,-0.34911992737705905,-0.39143658512648477,-0.21142897705120545,1.6778775024456272,-0.052440212033830355
8.700000000000001,11,3.9214011250039125,-0.3184518090636257,-0.3942626272130978,-0.15375059413139344,1.6632601878930662,-0.05679920769184078,3.9149683447471735,-0.36823763104535884,-0.4851188511450369,-0.23740307756747125,1.7375428492526817,-0.07189676074981638,3.909930341654373,-0.3703542343468256,-0.4959165734242,-0.2701453756645036,1.4934217741625186,-0.07605584631133586,3.9242407144261158,-0.3477861862039211,-0.42965008073776784,-0.21996573946624967,1.6525322655578598,-0.06651072689697961,3.9242407144261158,-0.3477861862039211,-0.42965008073776784,-0.21996573946624967,1.6525322655578598,-0.06651072689697961,3.9188721082033955,-0.3498941487378776,-0.4249932616861902,-0.22253531942328691,1.6639953379684465,-0.060550495850907854
8.8,11,3.889627306183018,-0.3169398349111913,-0.4091385555322054,-0.14370598663331713,1.6575076574989729,-0.058242771264997,3.891900436729133,-0.29605631109695235,-0.5705083968919682,-0.30304897817642434,1.6860824004238977,-0.11903756642433866,3.8771732233695255,-0.3707545747344311,-0.4856448080617816,-0.2304418364815287,1.5047141349237345,-0.0559327647391496,3.8948543375442264,-0.3262895986986606,-0.48346990243051635,-0.25385205869259175,1.6635517740931898,-0.04769457836672024,3.8948543375442264,-0.3262895986986606,-0.48346990243051635,-0.25385205869259175,1.6635517740931898,-0.04769457836672024,3.891523945284975,-0.32221737569450865,-0.4899789097542404,-0.26400610300320193,1.670790238014118,-0.04713474438414404
8.9,11,3.8580300601273114,-0.31492082463312465,-0.42299185053772326,-0.13330218900928859,1.6516133808445788,-0.059633920275283823,3.8582986863505297,-0.28081146631615206,-0.5317691620413556,-0.2294065064734858,1.7145745273409183,-0.07595131713743716,3.8502575469221374,-0.3183229198879779,-0.48349656867589635,-0.20357159814677148,1.5254344860694218,-0.027866649596694278,3.861774160978291,-0.2979930175311805,-0.45976373835359047,-0.20149120365092052,1.687075868909234,-0.017516675189709882,3.861774160978291,-0.2979930175311805,-0.45976373835359047,-0.20149120365092052,1.687075868909234,-0.017516675189709882,3.8563231298903347,-0.2983197300443515,-0.4612649228539335,-0.21094495012379033,1.7010585007071388,-0.013551773712786722
9.0,11,3.826659935690096,-0.31239800821517116,-0.4357878862067941,-0.12256520533517486,1.6455826623810204,-0.060971402782491746,3.851687073855183,-0.263626464586235,-0.5991733509510988,-0.2768856942080923,1.7432700243313548,-0.0371993500068782,3.8246379160929944,-0.2623427752123642,-0.5053144108451931,-0.2051313483251389,1.5094177531997452,-0.04199402008020987,3.835274800670047,-0.2896691764461069,-0.49109288856736255,-0.21342949639162512,1.669477593873617,-0.03443804678185297,3.835274800670047,-0.2896691764461069,-0.49109288856736255,-0.21342949639162512,1.669477593873617,-0.03443804678185297,3.8342369217984893,-0.28447342758660044,-0.5006656253870678,-0.2283777131015163,1.684949952598225,-0.027416713071053367
9.1,11,3.7955671183785347,-0.30937542162542747,-0.44749467911429175,-0.1115218724784482,1.6394209293478543,-0.06225401514264165,3.8194024261784048,-0.3296109471865055,-0.6605146732155658,-0.3128469469521612,1.7909797359718607,0.017758249747124297,3.7951453997693885,-0.2938705404362132,-0.5288779968870916,-0.2083910533315543,1.5321620127389362,-0.013202086556930843,3.8072239489132906,-0.325733582880458,-0.5155978247772046,-0.21680838782347395,1.6922579446568562,-0.006414975773985504,3.8072239489132906,-0.325733582880458,-0.5155978247772046,-0.21680838782347395,1.6922579446568562,-0.006414975773985504,3.8088869310391478,-0.32383054457372173,-0.530848264849044,-0.23532762510087837,1.7164319133779986,0.00616858429022623
9.200000000000001,11,3.764801350067545,-0.3058579003576532,-0.4580829683747276,-0.10019979301999365,1.6331337268889052,-0.06348060309118318,3.8011324170636036,-0.33771507733085937,-0.6347830600266494,-0.2518952244617688,1.780310289304591,0.004453972925461866,3.7748960829253826,-0.2734561992046658,-0.5467245541552317,-0.2051919517768086,1.539623226525479,-0.003814547383791368,3.780782484558165,-0.2998288999556426,-0.5024138034456034,-0.17953706393048724,1.6851572038456515,-0.01332005285973728,3.780782484558165,-0.2998288999556426,-0.5024138034456034,-0.17953706393048724,1.6851572038456515,-0.01332005285973728,3.786928025848149,-0.3050700824170672,-0.5154622755673676,-0.19663360162929072,1.70310911931679,-0.006820588353841332
9.3,11,3.734411849423412,-0.30185107169551223,-0.4675262887792247,-0.08862726626203278,1.6267267130620133,-0.06465006278175478,3.7773301316552583,-0.28688409449949526,-0.6083710710429902,-0.19672349680613566,1.8245645550557001,0.05129389858895267,3.7357781265511463,-0.325805142881129,-0.5165484717236425,-0.15098915863792078,1.5022696698018343,-0.04334468293730052,3.749035193223445,-0.31509543859095085,-0.5225441959255908,-0.18186435103221646,1.678905110797551,-0.018580552688758044,3.749035193223445,-0.31509543859095085,-0.5225441959255908,-0.18186435103221646,1.678905110797551,-0.018580552688758044,3.7560021707147273,-0.3107973769774769,-0.5256068958825141,-0.18728578064309345,1.7015023526351678,-0.007671901519373322
9.4,11,3.704447233164418,-0.2973613457101194,-0.47580103694475806,-0.07683321749460484,1.620205653747162,-0.0657613417795711,3.7402732852861194,-0.33291463512628694,-0.6234147186972842,-0.1917746154174896,1.854583664782963,0.07790530513981267,3.6909887649613293,-0.3675448957696404,-0.5582416018322451,-0.17942296387607304,1.5339346580817832,-0.0048550502874078125,3.711226361067739,-0.34967364090308617,-0.5530168779752059,-0.19500046964680443,1.714583117676124,0.02155197654045185,3.711226361067739,-0.34967364090308617,-0.5530168779752059,-0.19500046964680443,1.714583117676124,0.02155197654045185,3.7185788935649793,-0.3449420601037482,-0.5595226385741321,-0.2014950442215135,1.741145881441931,0.03152175358549922
9.5,11,3.6749554382844662,-0.2923959050052942,-0.4828865303103194,-0.06484712569740653,1.6135764174575766,-0.06681344000854322,3.709407500005459,-0.30284453387195615,-0.5977280397488623,-0.14381304857072416,1.7792390678555525,-0.010969482798412422,3.662035979877252,-0.319638845728818,-0.5441081492392906,-0.14513270082671567,1.5136558572270926,-0.02601487794714167,3.6719689157886135,-0.31857599463342257,-0.5540998721477657,-0.1753119010269905,1.7059614754799501,0.010031102202373214,3.6719689157886135,-0.31857599463342257,-0.5540998721477657,-0.1753119010269905,1.7059614754799501,0.010031102202373214,3.67646549595387,-0.3165576593979177,-0.5505881486815005,-0.17472321242621278,1.7187758683386218,0.006888180470674448
9.600000000000001,11,3.6459836453641175,-0.2869626932269269,-0.4887650588325486,-0.05269894985769471,1.6068449700584573,-0.06780541065127961,3.6861010045183793,-0.28741450732392015,-0.601955221233523,-0.13295990146243503,1.7760118295628078,-0.013246424888379266,3.6410080557466413,-0.2949901872797672,-0.5587683446266898,-0.1452897406702997,1.5603615562086248,0.026686682980551907,3.6561919121255912,-0.27956393311528543,-0.5859076266035705,-0.19057128358936773,1.6980875155655468,0.0005429224227565428,3.6561919121255912,-0.27956393311528543,-0.5859076266035705,-0.19057128358936773,1.6980875155655468,0.0005429224227565428,3.6642595813091705,-0.28299950089750014,-0.5788696639874298,-0.1845617237540973,1.7128345430353178,5.004080007431355e-05
9.700000000000001,11,3.6175782030917256,-0.2810704023548396,-0.4934219292516183,-0.040419054088421405,1.6000173693981048,-0.06873636100115771,3.641151057762503,-0.32364250908557696,-0.6595765442815965,-0.18032657797143964,1.6807613510863395,-0.1136168992380534,3.611365724390515,-0.23411314601408245,-0.5760892240067385,-0.14827321010296968,1.546832778743761,0.009377863768217157,3.6130019640347317,-0.31688845724899045,-0.6081154127135207,-0.19393812094202484,1.6359753585687162,-0.06588902287912819,3.6130019640347317,-0.31688845724899045,-0.6081154127135207,-0.19393812094202484,1.6359753585687162,-0.06588902287912819,3.6144386258724936,-0.3234540857244042,-0.6075797861898236,-0.1959627056304941,1.6374983629357673,-0.0726745663999484
9.8,11,3.5897845541154205,-0.27472845879747243,-0.49684550181673226,-0.028038131733763495,1.5930997598562637,-0.06960545326569996,3.6224884054010786,-0.3182236442269335,-0.6389098421171646,-0.13898075760041573,1.6306999678885052,-0.1549630757151428,3.571270350236164,-0.3133981658062746,-0.6001069803667402,-0.15809213448512185,1.5070766970836562,-0.034098859354012113,3.5837162459074783,-0.31884625989983306,-0.6177646364403989,-0.18352714772115014,1.6121367779299332,-0.08431832256938532,3.5837162459074783,-0.31884625989983306,-0.6177646364403989,-0.18352714772115014,1.6121367779299332,-0.08431832256938532,3.5876595994326044,-0.32402649306615755,-0.6143171891376219,-0.18316131509387734,1.6060684412041666,-0.09618116533471759
9.9,11,3.56264716234457,-0.26794700831164153,-0.4990272193794397,-0.015587128651747915,1.5860983668145976,-0.07041190532053021,3.615910770707065,-0.26247131671796864,-0.690595463017946,-0.1793443521368766,1.6577431486814107,-0.10952358887537117,3.541386886826278,-0.2951635665506804,-0.5977180217437914,-0.13865335813536467,1.5155054021125804,-0.021453208947580717,3.564306558182249,-0.2862364960591635,-0.6405565911470089,-0.188269019152561,1.615433006865841,-0.07179073696085436,3.564306558182249,-0.2862364960591635,-0.6405565911470089,-0.188269019152561,1.615433006865841,-0.07179073696085436,3.5784634523356225,-0.28312209656353793,-0.6491518432859819,-0.19843695798129413,1.6186483954662625,-0.07547940267513498
10.0,11,3.5362094418170056,-0.26073689977149195,-0.4999616287820504,-0.00309716586572264,1.5790194910542634,-0.07115499141323302,3.582480467374111,-0.31217684919573796,-0.6657494283021078,-0.13365546196171416,1.5737869603638597,-0.18749056658012409,3.5113527268177727,-0.32735145477530614,-0.5874713081747743,-0.11290205671318812,1.4660502122350059,-0.07197942831165065,3.52548868689723,-0.3019026227380014,-0.5929674834712864,-0.1173377326782989,1.5888412121166697,-0.09252322731583634,3.52548868689723,-0.3019026227380014,-0.5929674834712864,-0.1173377326782989,1.5888412121166697,-0.09252322731583634,3.5333240328167475,-0.3086139559916487,-0.5933975580982018,-0.125330674319916,1.5816418058701749,-0.10347064008704436
10.100000000000001,11,3.5105136872458242,-0.25310966781261324,-0.49964639448768894,0.00940053822199436,1.571869503085636,-0.07183404281648179,3.534604183974005,-0.3651363977499172,-0.7067315946455961,-0.16314527408405938,1.5300071409297544,-0.21421912668662524,3.4671455490974434,-0.3712937377149728,-0.6418499811471737,-0.1589131470845107,1.4523417971072092,-0.07893149572001686,3.487438168942909,-0.3057163507017919,-0.6095062490236678,-0.12246864004367772,1.559236548824215,-0.1142560351753233,3.487438168942909,-0.3057163507017919,-0.6095062490236678,-0.12246864004367772,1.559236548824215,-0.1142560351753233,3.4892213091178026,-0.31658413530776724,-0.6109136414121573,-0.13110102291544407,1.5503474962431834,-0.12333702095785581
10.200000000000001,11,3.4856010063568723,-0.2450775143790838,-0.4980823044179203,0.021874745859861818,1.5646548374152776,-0.07244844842984811,3.5013412956556302,-0.31596263535625374,-0.671029322367,-0.10760674274413733,1.5807097253240479,-0.13721153174402365,3.437376975972185,-0.28932220150301285,-0.6599184179094312,-0.16123766843422332,1.4641151973967121,-0.057933446966466975,3.461404062138582,-0.284436854609312,-0.5988336712337967,-0.09799746642203475,1.551505651877107,-0.11031118316812454,3.461404062138582,-0.284436854609312,-0.5988336712337967,-0.09799746642203475,1.551505651877107,-0.11031118316812454,3.4633102698929044,-0.2914355225255673,-0.5904000689166187,-0.0986322432871225,1.5550302944548198,-0.10746810519472075
10.3,11,3.46151125412515,-0.23665328920296255,-0.4952732679833566,0.03429427802522704,1.557381986755316,-0.07299765532975115,3.4613108371023955,-0.27055178112919903,-0.6189442968422192,-0.04051211505471958,1.5284244911232365,-0.1783828874122536,3.409384801703794,-0.2710439142997753,-0.6514227967867571,-0.13495379102010405,1.4482492880097069,-0.06868700655664675,3.4372191776383536,-0.25894278384674163,-0.5634481520399611,-0.049757275000771234,1.5263263386904904,-0.12541592176280905,3.4372191776383536,-0.25894278384674163,-0.5634481520399611,-0.049757275000771234,1.5263263386904904,-0.12541592176280905,3.4345585107454593,-0.2633064124628018,-0.5530581105158554,-0.05312920896002691,1.5266680332295943,-0.12555261906833654
10.4,11,3.438282969015355,-0.22785046924745916,-0.49122630631216624,0.04662809235564394,1.5500574961804425,-0.07348116926705131,3.4418956521509467,-0.26839480922646497,-0.6577031351694144,-0.07756391279190572,1.5156498795418927,-0.17297720690006974,3.3929269030588536,-0.2673907723802492,-0.691555909985422,-0.16339065133889863,1.4597659809505246,-0.04905985404764669,3.415708059902376,-0.2570735302633693,-0.5674474875092723,-0.04871493695150144,1.5222931265439095,-0.1163328813823517,3.415708059902376,-0.2570735302633693,-0.5674474875092723,-0.04871493695150144,1.5222931265439095,-0.1163328813823517,3.4157750921533188,-0.2603567845167094,-0.5656768647084406,-0.05989041451778906,1.52615830618915,-0.1140050807375031
10.5,11,3.4159533113285603,-0.21868313714666748,-0.4859515347009104,0.058845360738612795,1.5426879572377863,-0.07389855511184128,3.4087594800627254,-0.3137487505309816,-0.6626400609022858,-0.07455414895576618,1.5213631552384759,-0.14841309585841755,3.362617584703039,-0.31203919243632916,-0.6969075645001496,-0.15166165143054977,1.486242332688994,-0.015559383169201635,3.382724205175166,-0.2753813733430057,-0.5355797277218896,-0.009495987586133514,1.5386270287238284,-0.08647806080193986,3.382724205175166,-0.2753813733430057,-0.5355797277218896,-0.009495987586133514,1.5386270287238284,-0.08647806080193986,3.3795265982477414,-0.2819707737899627,-0.5366370224656878,-0.02707995437573222,1.5460554208470085,-0.0839728431225383
10.600000000000001,11,3.394558003753657,-0.20916595867635562,-0.4794621373315691,0.07091554636580678,1.5352800020149666,-0.07424943724503341,3.3717969318014194,-0.2781986512613244,-0.6334501376590304,-0.03543648336792372,1.5316593553966276,-0.12157964991909165,3.3283379861044864,-0.27619112428245995,-0.6673490184284566,-0.10391952690209807,1.5140264790451388,0.01576017011781613,3.355882454829067,-0.2622270587124767,-0.4752884398095291,0.05587659858082425,1.5387563268781723,-0.07710879732358027,3.355882454829067,-0.2622270587124767,-0.4752884398095291,0.05587659858082425,1.5387563268781723,-0.07710879732358027,3.350415276203871,-0.26564209550864903,-0.4739514165270441,0.0353249603086964,1.5475946221908914,-0.0756494781882206
10.700000000000001,11,3.3741312742186773,-0.19931415929185306,-0.4717743343179532,0.08280848005918863,1.5278402971716625,-0.07453349989639167,3.3315433833367445,-0.27537279402057024,-0.6008590606709209,0.0031356032583784166,1.5821242300008873,-0.05473277141178935,3.3096643434440756,-0.24083187760037378,-0.6882944988562274,-0.1151849117208878,1.5805911499770144,0.085132441975246,3.328374532293096,-0.25510552152734206,-0.4680088255248124,0.05768267880213757,1.5801326898503438,-0.024710519466999467,3.328374532293096,-0.25510552152734206,-0.4680088255248124,0.05768267880213757,1.5801326898503438,-0.024710519466999467,3.3189329291031533,-0.25745949772493787,-0.4711657773012622,0.033069675293927084,1.5953065375328683,-0.021539601144946047
10.8,11,3.354705801133407,-0.18914349977056982,-0.46290734116386606,0.09449443567824527,1.5203755379400672,-0.0747504874287035,3.336069955210639,-0.20051463337128322,-0.6414133372164547,-0.040488679223999964,1.613932155125205,-0.014937034142122434,3.284951068510419,-0.23506668803416206,-0.6626751908662608,-0.07554224977823334,1.5855904199690858,0.08138145794697543,3.3132871455827866,-0.2323547979830951,-0.4837385063043078,0.03473474084117878,1.5658911706006973,-0.037274878872403695,3.3132871455827866,-0.2323547979830951,-0.4837385063043078,0.03473474084117878,1.5658911706006973,-0.037274878872403695,3.3139055998233244,-0.2304852738595959,-0.4938386002859193,0.00916425318081866,1.5866202414822739,-0.0275793017981309
10.9,11,3.3363126611109033,-0.1786702509981152,-0.4528833207343522,0.10594420441985705,1.5128924420996335,-0.07490020456783603,3.343530690340808,-0.21049778896524712,-0.56781683814049,0.042393900428290714,1.6057858281318151,-0.022038379979144623,3.269997235518295,-0.2507206661927965,-0.6767310655534733,-0.08248243849446527,1.5969222883208518,0.08479059843347898,3.307125816381041,-0.20862601528029295,-0.45927757062495256,0.0571378155462451,1.5850316250643344,-0.01286448419398687,3.307125816381041,-0.20862601528029295,-0.45927757062495256,0.0571378155462451,1.5850316250643344,-0.01286448419398687,3.3199167848308355,-0.2065872428221712,-0.4605235776491539,0.04146205977820447,1.6038963554514962,-0.008251279669470611
11.0,11,3.3189812792515405,-0.16791116793835084,-0.44172732786007657,0.11712916782509428,1.505397743931524,-0.07498251657846962,3.3264436952940857,-0.2187795310223643,-0.524838184098107,0.08374641193529701,1.5551930758431898,-0.0736914814691782,3.2598080392964026,-0.1815321004130614,-0.6501470834849387,-0.04530052344557483,1.638151949435936,0.11975046798511622,3.2992476966679423,-0.16433934485291782,-0.43489513678185376,0.07706580536526492,1.5955672541153962,-0.0002449208837607946,3.2992476966679423,-0.16433934485291782,-0.43489513678185376,0.07706580536526492,1.5955672541153962,-0.0002449208837607946,3.3153359774891524,-0.169498094371768,-0.429708758215981,0.06725545778669628,1.6059237835684366,-0.006038344972249265
11.100000000000001,11,3.302739382069129,-0.15688346282902357,-0.4294672467132958,0.12802136931046035,1.4978981881582127,-0.07499734938535065,3.2990183924646237,-0.22305429679695937,-0.48832510568087395,0.11378325215896673,1.5763724750709927,-0.0432168623815904,3.237185942434782,-0.20208923537157636,-0.5999428643723584,0.013126479925177452,1.6589898137555859,0.1292112291388919,3.2800709392493235,-0.17110700231257642,-0.4144085985472737,0.09070798259031443,1.558201134037187,-0.040105859311339795,3.2800709392493235,-0.17110700231257642,-0.4144085985472737,0.09070798259031443,1.558201134037187,-0.040105859311339795,3.292404096768828,-0.17925157512602752,-0.408758154689119,0.08086439355527823,1.5672250919652322,-0.043277636417344986
11.200000000000001,11,3.287612953134409,-0.14560477764585725,-0.4161337211119504,0.13859358404479039,1.4904005238736913,-0.07494468963995407,3.291602623897984,-0.19313152274348702,-0.5330963256808489,0.053844928747199074,1.6020719133142345,-0.011170015671912968,3.2327641718354823,-0.16149036468624467,-0.6144451161560761,-0.0037555548957340784,1.6371750803847933,0.09213151673923695,3.273316445979348,-0.16915458745914824,-0.4673452325771044,0.024516502032916457,1.5576181680795913,-0.036446955330609127,3.273316445979348,-0.16915458745914824,-0.4673452325771044,0.024516502032916457,1.5576181680795913,-0.036446955330609127,3.289878350060277,-0.1714578120331763,-0.47019169970935704,0.014619283483409573,1.5709369336934487,-0.03550444321890599
11.3,11,3.2736261915068754,-0.1340931558791538,-0.40176007792607765,0.1488193869971517,1.482911498469738,-0.07482458473249631,3.287294185959313,-0.09701109842559989,-0.5111603273780271,0.07151343527159804,1.5447466949417588,-0.0711715212547732,3.2023087816139215,-0.22199872403628684,-0.6017396553938421,0.010208251719609608,1.6368692572373356,0.08197014081680196,3.2618083452777364,-0.14558395323164547,-0.4566050252766529,0.033364423799620464,1.5479826648141928,-0.04284206095801101,3.2618083452777364,-0.14558395323164547,-0.4566050252766529,0.033364423799620464,1.5479826648141928,-0.04284206095801101,3.277933975705374,-0.14339278261105096,-0.46086101719412004,0.022028688138119965,1.5509475380523963,-0.05178754766572197
11.4,11,3.2608014730214494,-0.12236701366805769,-0.3863822437779936,0.15867321898565867,1.4754378515637228,-0.07463714274928727,3.2550240743975416,-0.11534658309599133,-0.5233479835058508,0.050869143452721755,1.4970898832898456,-0.11444741847968287,3.186999098319469,-0.22969693324682997,-0.5439922058336152,0.0707636583416563,1.6129024449360676,0.04763540635755863,3.238910604529395,-0.1542289962643327,-0.4558142899211064,0.030646893439467932,1.5054798174723052,-0.08364028200776608,3.238910604529395,-0.1542289962643327,-0.4558142899211064,0.030646893439467932,1.5054798174723052,-0.08364028200776608,3.2467451472196456,-0.15068272798103144,-0.4672025030508669,0.013738809834637447,1.500568917700134,-0.0956255885007777
11.5,11,3.2491593144919135,-0.11044511033866339,-0.3700386552444472,0.16813045056211648,1.467986308933405,-0.07438253237545987,3.2396988186249573,-0.1059027180104903,-0.4963956520506735,0.0742105432329269,1.4885642249164157,-0.11133128792390562,3.172478043466007,-0.16365038220005407,-0.5114609345721539,0.0979368479021093,1.595182061861248,0.02363374888547519,3.2370224677731576,-0.11563164262797478,-0.4407433565049876,0.04346359578448453,1.4594012121107494,-0.12390070871841677,3.2370224677731576,-0.11563164262797478,-0.4407433565049876,0.04346359578448453,1.4594012121107494,-0.12390070871841677,3.2465907778011167,-0.1119589894907895,-0.45142666150280275,0.02738441491275182,1.4548553929756702,-0.1305564394796283
11.600000000000001,11,3.238718340888387,-0.09834651839309393,-0.35277016278519563,0.17716744357281516,1.4605635764641878,-0.07406098274316486,3.2199014593173336,-0.0981772188777676,-0.4710856911176155,0.09330711978942142,1.4780877129683112,-0.11063034324859755,3.1549600903949355,-0.12654242314825964,-0.48133607479551266,0.11964056898922765,1.5750901417230834,-0.00033749038200471537,3.2283764102143535,-0.11334257962174041,-0.40137034510530556,0.08085487701889668,1.4370281098348279,-0.13455768891472625,3.2283764102143535,-0.11334257962174041,-0.40137034510530556,0.08085487701889668,1.4370281098348279,-0.13455768891472625,3.2363254148191123,-0.11134594544631797,-0.41358192189374005,0.0619527681027821,1.434041549077329,-0.13802818368948175
11.700000000000001,11,3.2294952555413468,-0.08609059299756769,-0.33461992863813067,0.18576161024160262,1.453176334114274,-0.07367278322536737,3.2353241968613338,-0.05952579296055893,-0.5046376549157939,0.04752924414587582,1.5124639228966634,-0.06212329383844764,3.150115540254116,-0.11454097236449833,-0.4288632643678003,0.16288424835182386,1.561003958037018,-0.015338667294155901,3.2261446707264345,-0.09105602281830903,-0.40430635789195346,0.06908926609032814,1.4395289886684295,-0.11752373704467917,3.2261446707264345,-0.09105602281830903,-0.40430635789195346,0.06908926609032814,1.4395289886684295,-0.11752373704467917,3.2390857642752735,-0.08857298260508022,-0.4280586777788009,0.04098913732741606,1.4409981283588107,-0.11738557862021917
11.8,11,3.2215048134198607,-0.07369694101825877,-0.3156333189361604,0.19389146962756254,1.445831229903155,-0.07321828317543073,3.2365725360774804,-0.031649748194825904,-0.458015452932968,0.09222545959203055,1.4639564144593924,-0.10727416686759442,3.1495253250869526,-0.05429729818490043,-0.3942262436295384,0.18247170825680697,1.5198026265002023,-0.05768440756504343,3.2102308460220463,-0.08141823042885135,-0.37471638946331415,0.09330169082252378,1.448064897244358,-0.09586562664716684,3.2102308460220463,-0.08141823042885135,-0.37471638946331415,0.09330169082252378,1.448064897244358,-0.09586562664716684,3.2187418405658774,-0.08075194738891019,-0.3950495241624073,0.0706115342278529,1.4475708336463133,-0.09951447246629079
11.9,11,3.2147597975267876,-0.06118538965449624,-0.2958577903155047,0.20153670131617893,1.4385348739288408,-0.07269789161272205,3.2452985997482107,-0.057371568313555873,-0.43273606684663873,0.10936647113092873,1.4555013747681018,-0.10484835705746516,3.169212407405156,-0.003415050180503601,-0.3646026461151932,0.1946162808874077,1.5052595695280826,-0.06705149328119063,3.204911276954665,-0.0696735979209441,-0.32688065669069727,0.13440718270652652,1.4493723779025813,-0.08423600831470886,3.204911276954665,-0.0696735979209441,-0.32688065669069727,0.13440718270652652,1.4493723779025813,-0.08423600831470886,3.2046834008961333,-0.07905083377712963,-0.3327724364604482,0.1258568448484231,1.453071364383764,-0.0844319530710041
12.0,11,3.2092709984486953,-0.048575954719473506,-0.2753427712988188,0.20867819620978995,1.431293832419219,-0.07211207685452241,3.2604433875346155,-0.012762770646463556,-0.3756668476579088,0.15861403386696535,1.4644035960839534,-0.08415223577090698,3.173705994695696,-0.03132329472638711,-0.34760850260037396,0.19198218536905765,1.4961011129098336,-0.06967045422885602,3.208151808272126,-0.06441154871049992,-0.3010415780166633,0.14764271249204153,1.4450210969110373,-0.07988871489978303,3.208151808272126,-0.06441154871049992,-0.3010415780166633,0.14764271249204153,1.4450210969110373,-0.07988871489978303,3.2260048956080634,-0.05773998740904117,-0.31270642068061005,0.13304819202597912,1.4424481947762664,-0.08410868197188337
