timestamp,source_image,u,v,method,sha256,manual_seed_u,manual_seed_v,bbox_x,bbox_y,bbox_width,bbox_height,confidence,reference_point
1692846908.005158,1692846908.005158.png,601.1387209089244,538.2167857797325,image_only_manual_fuselage_region_local_blackhat_centroid,b669fb624841c9aeea4baa5170499b9bcf409a3e08d5f58279be1c6e104c5550,602,537,567,502,71,71,visually_identifiable,visible_dark_fuselage_not_guaranteed_Leica_prism
1692846909.005179,1692846909.005179.png,617.3465346534654,603.5412541254126,image_only_manual_fuselage_region_local_blackhat_centroid,7393a4b1900f682e00fe4e7f9cc95b14a277c5eeed8ee3ecae28db562dda69f8,619,604,584,569,71,71,visually_identifiable,visible_dark_fuselage_not_guaranteed_Leica_prism
1692846910.005379,1692846910.005379.png,631.9437981568212,505.36410333887295,image_only_manual_fuselage_region_local_blackhat_centroid,adee42ae526d1009aaf29ad4fe753ab805fd5aaac0849d31750f23160264882e,632,507,597,472,71,71,visually_identifiable,visible_dark_fuselage_not_guaranteed_Leica_prism
1692846911.00526,1692846911.005260.png,637.7640472734812,407.44059713871036,image_only_manual_fuselage_region_local_blackhat_centroid,4aa68f07a91ae817edd2f337af443b56dcdd0cda30fde3aec3d1809815ef8f08,638,410,603,375,71,71,visually_identifiable,visible_dark_fuselage_not_guaranteed_Leica_prism
1692846912.005129,1692846912.005129.png,656.038649489116,415.3400710795202,image_only_manual_fuselage_region_local_blackhat_centroid,052a8468c8a7c334f91271e4bc1351f2b3d22fc3604e95065b2b80c93306310c,655,416,620,381,71,71,visually_identifiable,visible_dark_fuselage_not_guaranteed_Leica_prism
1692846913.00541,1692846913.005410.png,699.7339647723496,486.98853439680954,image_only_manual_fuselage_region_local_blackhat_centroid,a20e73d4fbdef4b03499f4485b18dc6ffc53093788871ff39c1f6bdbf5782aee,700,487,665,452,71,71,visually_identifiable,visible_dark_fuselage_not_guaranteed_Leica_prism
1692846914.005412,1692846914.005412.png,698.5115234959593,542.2864411852738,image_only_manual_fuselage_region_local_blackhat_centroid,1f8751fbc9ac289a4e2a39c9d502cb17cb314663022db274c6fa4037528eb1f2,699,539,664,504,71,71,visually_identifiable,visible_dark_fuselage_not_guaranteed_Leica_prism
1692846915.005243,1692846915.005243.png,650.3421664342167,557.2924221292423,image_only_manual_fuselage_region_local_blackhat_centroid,79ee35ee1bab9cbbafea5fefc5c5c038d50335aaca7a650978af647582fd9110,651,560,616,525,71,71,visually_identifiable,visible_dark_fuselage_not_guaranteed_Leica_prism
1692846916.005891,1692846916.005891.png,585.8486539724229,532.4440249507551,image_only_manual_fuselage_region_local_blackhat_centroid,8417a34e134da6ffea4e09dcedb54c0bf064d6e235f40807c5f77f3262ecd263,586,532,551,497,71,71,visually_identifiable,visible_dark_fuselage_not_guaranteed_Leica_prism
1692846917.005595,1692846917.005595.png,571.0973390321246,513.8392389356128,image_only_manual_fuselage_region_local_blackhat_centroid,5f0eacfa4cb2954e2dda90dd2f369f48468240df2fbb798b6e2b9b97b025b2d6,572,514,537,479,71,71,visually_identifiable,visible_dark_fuselage_not_guaranteed_Leica_prism
1692846918.005571,1692846918.005571.png,601.4106614017769,499.3468246133597,image_only_manual_fuselage_region_local_blackhat_centroid,7f165d31749faee6419fae387d8eab9c932fedf9db9d3e965ef1b94ea809ce70,602,497,567,462,71,71,visually_identifiable,visible_dark_fuselage_not_guaranteed_Leica_prism
1692846919.005647,1692846919.005647.png,620.7528122717312,493.55032870708544,image_only_manual_fuselage_region_local_blackhat_centroid,876579f42df9d9632481637120234d6093ae10bcf5622ae6bd4aa1e69b7aa66f,620,495,585,460,71,71,visually_identifiable,visible_dark_fuselage_not_guaranteed_Leica_prism
1692846920.005317,1692846920.005317.png,622.3125257236933,460.8094388805049,image_only_manual_fuselage_region_local_blackhat_centroid,95f3c488481427942426b11278a35f7091d75037b085586e01d44e3da437a853,623,458,588,423,71,71,visually_identifiable,visible_dark_fuselage_not_guaranteed_Leica_prism
1692846921.005166,1692846921.005166.png,615.2948372009354,362.9444144630329,image_only_manual_fuselage_region_local_blackhat_centroid,9d17733532ac9bf315c80bc824d89ad0cc50faa5fa8ec31065a11764fd6005b8,614,359,579,324,71,71,visually_identifiable,visible_dark_fuselage_not_guaranteed_Leica_prism
1692846922.005257,1692846922.005257.png,607.4627778910871,255.43565164185193,image_only_manual_fuselage_region_local_blackhat_centroid,e4d0fe55bbbeac04395f0e36a358a2541e1cd4e84408bf060e3b72796c79a579,607,255,572,220,71,71,visually_identifiable,visible_dark_fuselage_not_guaranteed_Leica_prism
1692846923.005241,1692846923.005241.png,606.605497582082,175.49656401119879,image_only_manual_fuselage_region_local_blackhat_centroid,1faa97a0995090f3b4167fbba0dd88a110c49d0f4fc839d4c784577e9ecf59b3,607,177,572,142,71,71,visually_identifiable,visible_dark_fuselage_not_guaranteed_Leica_prism
1692847012.00562,1692847012.005620.png,611.2572078907435,373.46965098634297,image_only_manual_fuselage_region_local_blackhat_centroid,57b5e3f74c17b298c9d9394789b054339204bac2bb0b4528f170f41f59302b6e,612,373,603,364,19,19,visually_identifiable,visible_dark_fuselage_not_guaranteed_Leica_prism
1692847013.005587,1692847013.005587.png,611.5388601036269,401.5161917098446,image_only_manual_fuselage_region_local_blackhat_centroid,e25e62e9e96b26265923445796cfb0ab1ad63f816995e3794f9343146ce44c3f,612,402,603,393,19,19,visually_identifiable,visible_dark_fuselage_not_guaranteed_Leica_prism
1692847014.005483,1692847014.005483.png,612.0,430.7615457115928,image_only_manual_fuselage_region_local_blackhat_centroid,ef8c7b3f8cd1f42db58c850f08aef4da8de9f6fc68c403994f3b011b5d1de4c9,612,431,603,422,19,19,visually_identifiable,visible_dark_fuselage_not_guaranteed_Leica_prism
1692847015.005372,1692847015.005372.png,614.282982791587,461.41395793499044,image_only_manual_fuselage_region_local_blackhat_centroid,3d0c685ee2ca59f0129fc94ea8ad2ba51b40dd76281d3ce3f69fe881d1bbcde1,614,460,605,451,19,19,visually_identifiable,visible_dark_fuselage_not_guaranteed_Leica_prism
1692847016.005401,1692847016.005401.png,616.684029765312,492.7103606182026,image_only_manual_fuselage_region_local_blackhat_centroid,b659677deba078f6a5b2f5b87875bc5f9aacea23009602db856683597563bba4,614,491,605,482,19,19,visually_identifiable,visible_dark_fuselage_not_guaranteed_Leica_prism
1692847017.005661,1692847017.005661.png,618.9084394904459,503.3009554140127,image_only_manual_fuselage_region_local_blackhat_centroid,093fa2229de9e78a7693a32835d3d51f022e85c9d20ce71d35a4bd366b279d20,619,502,610,493,19,19,visually_identifiable,visible_dark_fuselage_not_guaranteed_Leica_prism
1692847018.005504,1692847018.005504.png,617.196261682243,509.5181723779855,image_only_manual_fuselage_region_local_blackhat_centroid,764c01b612dee1046a725b09a9c787b2b0f96be70d8a1847e613d6f252137f30,617,510,608,501,19,19,visually_identifiable,visible_dark_fuselage_not_guaranteed_Leica_prism
1692847019.005674,1692847019.005674.png,607.5224473579658,516.3520063567739,image_only_manual_fuselage_region_local_blackhat_centroid,ab2dbff5725c6858dbc681ee196bdd01bf6f3151284b75b457e60f1470543b71,608,519,599,510,19,19,visually_identifiable,visible_dark_fuselage_not_guaranteed_Leica_prism
1692847020.005554,1692847020.005554.png,596.9586288416076,523.9349881796691,image_only_manual_fuselage_region_local_blackhat_centroid,cbc3b29b3a9ce726c79dc00aa99fbb9009c45e6a79a256a0ca201460b2321fe8,597,525,588,516,19,19,visually_identifiable,visible_dark_fuselage_not_guaranteed_Leica_prism
1692847021.005471,1692847021.005471.png,600.881745120551,534.223880597015,image_only_manual_fuselage_region_local_blackhat_centroid,c8877f7e03bb63f263041c7614f3d0905404229c46e86f7bd58835bb4eeeb228,601,535,592,526,19,19,visually_identifiable,visible_dark_fuselage_not_guaranteed_Leica_prism
1692847022.005475,1692847022.005475.png,611.6165803108809,537.7651122625216,image_only_manual_fuselage_region_local_blackhat_centroid,12e00c2834bd32612baa1a4cec9ee2a5132bc3420abb1b4d50280d4b84670653,612,539,603,530,19,19,visually_identifiable,visible_dark_fuselage_not_guaranteed_Leica_prism
1692847023.009887,1692847023.009887.png,617.9625246548324,525.0877712031559,image_only_manual_fuselage_region_local_blackhat_centroid,aa58c43d48537d9341837037e7a551445b0d70a114da5bcb8b02a57ab7b63773,618,523,609,514,19,19,visually_identifiable,visible_dark_fuselage_not_guaranteed_Leica_prism
1692847024.0057,1692847024.005700.png,620.027204715484,499.8413058263432,image_only_manual_fuselage_region_local_blackhat_centroid,444242aa36048bf6112fa4d449889051290b71cb838c3b292eb505552dba8b0b,620,503,611,494,19,19,visually_identifiable,visible_dark_fuselage_not_guaranteed_Leica_prism
1692847025.005459,1692847025.005459.png,621.9074003067485,491.78796012269936,image_only_manual_fuselage_region_local_blackhat_centroid,72480bf49d5e0cc09a8ad50b133c64276148ec019081b51e8b726f9c59d6dc7b,622,490,613,481,19,19,visually_identifiable,visible_dark_fuselage_not_guaranteed_Leica_prism
1692847026.005621,1692847026.005621.png,624.9898734177215,512.6371308016878,image_only_manual_fuselage_region_local_blackhat_centroid,30fda7aa9334280a061b08ab55de7e9c7ec1f4706c1b7d8162bfe9e045cdf362,626,516,617,507,19,19,visually_identifiable,visible_dark_fuselage_not_guaranteed_Leica_prism
